"order_id";"date";"time"
3;"2015-01-01 00:00:00";"2012-12-28 00:00:00"
20;"2015-01-01 00:00:00";"2014-03-08 00:00:00"
27;"2015-01-01 00:00:00";"2015-11-17 00:00:00"
39;"2015-01-01 00:00:00";"2017-07-23 00:00:00"
55;"2015-01-01 00:00:00";"2019-03-19 00:00:00"
60;"2015-01-01 00:00:00";"2020-05-16 00:00:00"
69;"2015-01-01 00:00:00";"2022-12-13 00:00:00"
74;"2015-01-02 00:00:00";"2012-01-12 00:00:00"
75;"2015-01-02 00:00:00";"2012-10-15 00:00:00"
87;"2015-01-02 00:00:00";"2014-01-02 00:00:00"
88;"2015-01-02 00:00:00";"2014-10-08 00:00:00"
103;"2015-01-02 00:00:00";"2018-02-09 00:00:00"
104;"2015-01-02 00:00:00";"2018-02-12 00:00:00"
105;"2015-01-02 00:00:00";"2018-12-01 00:00:00"
106;"2015-01-02 00:00:00";"2018-12-13 00:00:00"
115;"2015-01-02 00:00:00";"2019-05-17 00:00:00"
123;"2015-01-02 00:00:00";"2020-12-09 00:00:00"
128;"2015-01-02 00:00:00";"2021-05-06 00:00:00"
168;"2015-01-03 00:00:00";"2017-02-27 00:00:00"
189;"2015-01-03 00:00:00";"2020-12-14 00:00:00"
208;"2015-01-04 00:00:00";"2012-12-05 00:00:00"
223;"2015-01-04 00:00:00";"2016-08-20 00:00:00"
231;"2015-01-04 00:00:00";"2018-04-18 00:00:00"
240;"2015-01-04 00:00:00";"2020-10-24 00:00:00"
241;"2015-01-04 00:00:00";"2020-11-25 00:00:00"
249;"2015-01-04 00:00:00";"2021-06-16 00:00:00"
250;"2015-01-04 00:00:00";"2021-07-05 00:00:00"
251;"2015-01-04 00:00:00";"2021-10-05 00:00:00"
259;"2015-01-05 00:00:00";"2012-04-25 00:00:00"
260;"2015-01-05 00:00:00";"2012-06-27 00:00:00"
266;"2015-01-05 00:00:00";"2013-09-29 00:00:00"
270;"2015-01-05 00:00:00";"2014-09-02 00:00:00"
279;"2015-01-05 00:00:00";"2016-07-03 00:00:00"
286;"2015-01-05 00:00:00";"2017-01-23 00:00:00"
297;"2015-01-05 00:00:00";"2019-02-18 00:00:00"
312;"2015-01-06 00:00:00";"2012-05-21 00:00:00"
313;"2015-01-06 00:00:00";"2012-09-09 00:00:00"
322;"2015-01-06 00:00:00";"2013-02-13 00:00:00"
326;"2015-01-06 00:00:00";"2013-10-13 00:00:00"
332;"2015-01-06 00:00:00";"2014-12-01 00:00:00"
337;"2015-01-06 00:00:00";"2015-03-12 00:00:00"
344;"2015-01-06 00:00:00";"2016-01-11 00:00:00"
366;"2015-01-06 00:00:00";"2020-04-20 00:00:00"
367;"2015-01-06 00:00:00";"2020-05-12 00:00:00"
376;"2015-01-07 00:00:00";"2012-01-17 00:00:00"
377;"2015-01-07 00:00:00";"2012-03-18 00:00:00"
387;"2015-01-07 00:00:00";"2013-03-14 00:00:00"
389;"2015-01-07 00:00:00";"2013-10-17 00:00:00"
394;"2015-01-07 00:00:00";"2014-02-18 00:00:00"
395;"2015-01-07 00:00:00";"2014-11-08 00:00:00"
396;"2015-01-07 00:00:00";"2014-12-21 00:00:00"
400;"2015-01-07 00:00:00";"2016-03-07 00:00:00"
408;"2015-01-07 00:00:00";"2017-09-09 00:00:00"
424;"2015-01-07 00:00:00";"2020-01-28 00:00:00"
435;"2015-01-08 00:00:00";"2012-06-09 00:00:00"
436;"2015-01-08 00:00:00";"2012-07-21 00:00:00"
449;"2015-01-08 00:00:00";"2013-04-15 00:00:00"
485;"2015-01-08 00:00:00";"2018-07-31 00:00:00"
491;"2015-01-08 00:00:00";"2019-01-12 00:00:00"
492;"2015-01-08 00:00:00";"2019-06-21 00:00:00"
498;"2015-01-08 00:00:00";"2020-02-25 00:00:00"
506;"2015-01-09 00:00:00";"2012-02-09 00:00:00"
507;"2015-01-09 00:00:00";"2012-06-03 00:00:00"
516;"2015-01-09 00:00:00";"2013-09-09 00:00:00"
517;"2015-01-09 00:00:00";"2013-09-11 00:00:00"
518;"2015-01-09 00:00:00";"2013-11-25 00:00:00"
526;"2015-01-09 00:00:00";"2015-10-13 00:00:00"
542;"2015-01-09 00:00:00";"2018-08-06 00:00:00"
548;"2015-01-09 00:00:00";"2019-06-09 00:00:00"
559;"2015-01-09 00:00:00";"2021-10-16 00:00:00"
562;"2015-01-09 00:00:00";"2022-04-05 00:00:00"
565;"2015-01-10 00:00:00";"2012-11-19 00:00:00"
584;"2015-01-10 00:00:00";"2015-05-29 00:00:00"
595;"2015-01-10 00:00:00";"2018-12-28 00:00:00"
602;"2015-01-10 00:00:00";"2019-02-27 00:00:00"
603;"2015-01-10 00:00:00";"2019-03-11 00:00:00"
646;"2015-01-11 00:00:00";"2014-07-26 00:00:00"
680;"2015-01-11 00:00:00";"2021-07-30 00:00:00"
684;"2015-01-12 00:00:00";"2012-01-23 00:00:00"
693;"2015-01-12 00:00:00";"2013-04-24 00:00:00"
698;"2015-01-12 00:00:00";"2014-08-16 00:00:00"
703;"2015-01-12 00:00:00";"2015-08-01 00:00:00"
716;"2015-01-12 00:00:00";"2017-06-05 00:00:00"
777;"2015-01-13 00:00:00";"2019-10-20 00:00:00"
790;"2015-01-14 00:00:00";"2012-07-30 00:00:00"
806;"2015-01-14 00:00:00";"2014-12-22 00:00:00"
813;"2015-01-14 00:00:00";"2016-09-29 00:00:00"
816;"2015-01-14 00:00:00";"2017-04-08 00:00:00"
825;"2015-01-14 00:00:00";"2018-06-06 00:00:00"
826;"2015-01-14 00:00:00";"2018-06-14 00:00:00"
836;"2015-01-14 00:00:00";"2020-08-08 00:00:00"
837;"2015-01-14 00:00:00";"2020-12-27 00:00:00"
849;"2015-01-15 00:00:00";"2012-08-30 00:00:00"
859;"2015-01-15 00:00:00";"2013-05-13 00:00:00"
863;"2015-01-15 00:00:00";"2013-12-29 00:00:00"
864;"2015-01-15 00:00:00";"2014-04-23 00:00:00"
873;"2015-01-15 00:00:00";"2015-06-15 00:00:00"
892;"2015-01-15 00:00:00";"2018-04-29 00:00:00"
899;"2015-01-15 00:00:00";"2019-06-14 00:00:00"
904;"2015-01-15 00:00:00";"2020-07-01 00:00:00"
905;"2015-01-15 00:00:00";"2020-12-06 00:00:00"
918;"2015-01-16 00:00:00";"2013-06-04 00:00:00"
919;"2015-01-16 00:00:00";"2013-11-15 00:00:00"
940;"2015-01-16 00:00:00";"2017-05-08 00:00:00"
941;"2015-01-16 00:00:00";"2017-09-08 00:00:00"
953;"2015-01-16 00:00:00";"2019-12-08 00:00:00"
972;"2015-01-16 00:00:00";"2022-03-09 00:00:00"
973;"2015-01-16 00:00:00";"2022-06-08 00:00:00"
975;"2015-01-16 00:00:00";"2022-10-21 00:00:00"
996;"2015-01-17 00:00:00";"2017-11-07 00:00:00"
1020;"2015-01-17 00:00:00";"2021-04-20 00:00:00"
1029;"2015-01-17 00:00:00";"2022-06-27 00:00:00"
1042;"2015-01-18 00:00:00";"2014-06-19 00:00:00"
1055;"2015-01-18 00:00:00";"2016-07-14 00:00:00"
1056;"2015-01-18 00:00:00";"2016-12-18 00:00:00"
1097;"2015-01-19 00:00:00";"2013-02-07 00:00:00"
1102;"2015-01-19 00:00:00";"2014-03-20 00:00:00"
1103;"2015-01-19 00:00:00";"2014-08-12 00:00:00"
1116;"2015-01-19 00:00:00";"2017-09-15 00:00:00"
1130;"2015-01-19 00:00:00";"2019-03-05 00:00:00"
1144;"2015-01-20 00:00:00";"2012-02-21 00:00:00"
1145;"2015-01-20 00:00:00";"2012-04-15 00:00:00"
1147;"2015-01-20 00:00:00";"2012-12-25 00:00:00"
1155;"2015-01-20 00:00:00";"2013-05-11 00:00:00"
1169;"2015-01-20 00:00:00";"2016-08-25 00:00:00"
1175;"2015-01-20 00:00:00";"2017-05-14 00:00:00"
1176;"2015-01-20 00:00:00";"2017-05-19 00:00:00"
1178;"2015-01-20 00:00:00";"2018-01-13 00:00:00"
1179;"2015-01-20 00:00:00";"2018-02-28 00:00:00"
1180;"2015-01-20 00:00:00";"2018-12-31 00:00:00"
1185;"2015-01-20 00:00:00";"2019-10-26 00:00:00"
1198;"2015-01-20 00:00:00";"2022-02-08 00:00:00"
1199;"2015-01-20 00:00:00";"2022-10-20 00:00:00"
1208;"2015-01-21 00:00:00";"2013-03-21 00:00:00"
1215;"2015-01-21 00:00:00";"2014-02-04 00:00:00"
1216;"2015-01-21 00:00:00";"2014-08-29 00:00:00"
1233;"2015-01-21 00:00:00";"2017-11-27 00:00:00"
1243;"2015-01-21 00:00:00";"2019-02-27 00:00:00"
1250;"2015-01-21 00:00:00";"2021-09-08 00:00:00"
1256;"2015-01-22 00:00:00";"2012-06-15 00:00:00"
1267;"2015-01-22 00:00:00";"2013-01-27 00:00:00"
1270;"2015-01-22 00:00:00";"2013-12-15 00:00:00"
1288;"2015-01-22 00:00:00";"2017-10-07 00:00:00"
1327;"2015-01-23 00:00:00";"2012-01-01 00:00:00"
1340;"2015-01-23 00:00:00";"2014-12-26 00:00:00"
1345;"2015-01-23 00:00:00";"2015-01-02 00:00:00"
1349;"2015-01-23 00:00:00";"2016-03-08 00:00:00"
1350;"2015-01-23 00:00:00";"2016-05-24 00:00:00"
1352;"2015-01-23 00:00:00";"2016-12-21 00:00:00"
1367;"2015-01-23 00:00:00";"2018-09-22 00:00:00"
1386;"2015-01-23 00:00:00";"2021-01-24 00:00:00"
1388;"2015-01-23 00:00:00";"2022-04-12 00:00:00"
1400;"2015-01-24 00:00:00";"2014-08-26 00:00:00"
1408;"2015-01-24 00:00:00";"2016-05-14 00:00:00"
1409;"2015-01-24 00:00:00";"2016-06-10 00:00:00"
1415;"2015-01-24 00:00:00";"2017-04-22 00:00:00"
1426;"2015-01-24 00:00:00";"2019-06-06 00:00:00"
1449;"2015-01-24 00:00:00";"2021-12-27 00:00:00"
1459;"2015-01-25 00:00:00";"2014-01-11 00:00:00"
1468;"2015-01-25 00:00:00";"2015-05-16 00:00:00"
1476;"2015-01-25 00:00:00";"2017-05-06 00:00:00"
1481;"2015-01-25 00:00:00";"2018-12-26 00:00:00"
1485;"2015-01-25 00:00:00";"2019-05-15 00:00:00"
1486;"2015-01-25 00:00:00";"2019-09-03 00:00:00"
1490;"2015-01-25 00:00:00";"2020-07-13 00:00:00"
1509;"2015-01-26 00:00:00";"2013-08-25 00:00:00"
1533;"2015-01-26 00:00:00";"2016-08-02 00:00:00"
1541;"2015-01-26 00:00:00";"2018-10-06 00:00:00"
1583;"2015-01-27 00:00:00";"2017-01-03 00:00:00"
1593;"2015-01-27 00:00:00";"2018-06-25 00:00:00"
1604;"2015-01-27 00:00:00";"2020-05-01 00:00:00"
1605;"2015-01-27 00:00:00";"2020-05-27 00:00:00"
1607;"2015-01-27 00:00:00";"2020-09-27 00:00:00"
1611;"2015-01-27 00:00:00";"2021-03-04 00:00:00"
1612;"2015-01-27 00:00:00";"2021-03-29 00:00:00"
1614;"2015-01-27 00:00:00";"2022-10-01 00:00:00"
1626;"2015-01-28 00:00:00";"2012-04-16 00:00:00"
1644;"2015-01-28 00:00:00";"2015-01-14 00:00:00"
1664;"2015-01-28 00:00:00";"2021-09-10 00:00:00"
1695;"2015-01-29 00:00:00";"2015-11-01 00:00:00"
1698;"2015-01-29 00:00:00";"2016-04-23 00:00:00"
1716;"2015-01-29 00:00:00";"2020-05-12 00:00:00"
1746;"2015-01-30 00:00:00";"2015-07-16 00:00:00"
1774;"2015-01-30 00:00:00";"2020-07-05 00:00:00"
1775;"2015-01-30 00:00:00";"2020-07-17 00:00:00"
1776;"2015-01-30 00:00:00";"2020-09-16 00:00:00"
1777;"2015-01-30 00:00:00";"2020-11-18 00:00:00"
1781;"2015-01-30 00:00:00";"2021-05-03 00:00:00"
1782;"2015-01-30 00:00:00";"2021-05-29 00:00:00"
1784;"2015-01-30 00:00:00";"2021-06-05 00:00:00"
1785;"2015-01-30 00:00:00";"2021-08-02 00:00:00"
1790;"2015-01-30 00:00:00";"2022-07-03 00:00:00"
1798;"2015-01-31 00:00:00";"2014-03-30 00:00:00"
1806;"2015-01-31 00:00:00";"2016-02-17 00:00:00"
1807;"2015-01-31 00:00:00";"2016-07-02 00:00:00"
1817;"2015-01-31 00:00:00";"2018-05-04 00:00:00"
1819;"2015-01-31 00:00:00";"2018-06-26 00:00:00"
1828;"2015-01-31 00:00:00";"2019-12-25 00:00:00"
1831;"2015-01-31 00:00:00";"2020-02-14 00:00:00"
1832;"2015-01-31 00:00:00";"2020-08-22 00:00:00"
1833;"2015-01-31 00:00:00";"2020-11-10 00:00:00"
1841;"2015-01-31 00:00:00";"2021-01-18 00:00:00"
1842;"2015-01-31 00:00:00";"2021-07-17 00:00:00"
1872;"2015-02-01 00:00:00";"2015-07-28 00:00:00"
1873;"2015-02-01 00:00:00";"2015-09-20 00:00:00"
1878;"2015-02-01 00:00:00";"2016-07-22 00:00:00"
1889;"2015-02-01 00:00:00";"2017-03-26 00:00:00"
1891;"2015-02-01 00:00:00";"2017-11-07 00:00:00"
1892;"2015-02-01 00:00:00";"2017-11-28 00:00:00"
1903;"2015-02-01 00:00:00";"2018-06-22 00:00:00"
1911;"2015-02-01 00:00:00";"2019-01-15 00:00:00"
1922;"2015-02-01 00:00:00";"2020-09-20 00:00:00"
1926;"2015-02-01 00:00:00";"2021-12-29 00:00:00"
1929;"2015-02-01 00:00:00";"2022-08-01 00:00:00"
1930;"2015-02-01 00:00:00";"2022-11-02 00:00:00"
1947;"2015-02-02 00:00:00";"2013-12-14 00:00:00"
1959;"2015-02-02 00:00:00";"2015-09-10 00:00:00"
1965;"2015-02-02 00:00:00";"2016-10-04 00:00:00"
1978;"2015-02-02 00:00:00";"2019-03-28 00:00:00"
1979;"2015-02-02 00:00:00";"2019-05-23 00:00:00"
1980;"2015-02-02 00:00:00";"2019-07-15 00:00:00"
1986;"2015-02-02 00:00:00";"2020-07-17 00:00:00"
1993;"2015-02-02 00:00:00";"2022-07-29 00:00:00"
1994;"2015-02-02 00:00:00";"2022-08-10 00:00:00"
2011;"2015-02-03 00:00:00";"2013-01-28 00:00:00"
2018;"2015-02-03 00:00:00";"2014-06-04 00:00:00"
2023;"2015-02-03 00:00:00";"2015-05-28 00:00:00"
2024;"2015-02-03 00:00:00";"2016-04-02 00:00:00"
2025;"2015-02-03 00:00:00";"2016-11-01 00:00:00"
2056;"2015-02-03 00:00:00";"2021-05-04 00:00:00"
2057;"2015-02-03 00:00:00";"2021-11-26 00:00:00"
2071;"2015-02-04 00:00:00";"2013-06-29 00:00:00"
2072;"2015-02-04 00:00:00";"2013-08-24 00:00:00"
2075;"2015-02-04 00:00:00";"2014-03-04 00:00:00"
2084;"2015-02-04 00:00:00";"2016-06-23 00:00:00"
2089;"2015-02-04 00:00:00";"2017-05-16 00:00:00"
2096;"2015-02-04 00:00:00";"2018-11-16 00:00:00"
2108;"2015-02-04 00:00:00";"2021-05-07 00:00:00"
2125;"2015-02-05 00:00:00";"2013-06-10 00:00:00"
2138;"2015-02-05 00:00:00";"2015-08-13 00:00:00"
2146;"2015-02-05 00:00:00";"2018-04-19 00:00:00"
2147;"2015-02-05 00:00:00";"2018-11-25 00:00:00"
2161;"2015-02-05 00:00:00";"2020-10-24 00:00:00"
2181;"2015-02-06 00:00:00";"2012-06-15 00:00:00"
2186;"2015-02-06 00:00:00";"2013-03-16 00:00:00"
2187;"2015-02-06 00:00:00";"2013-10-13 00:00:00"
2197;"2015-02-06 00:00:00";"2014-01-18 00:00:00"
2216;"2015-02-06 00:00:00";"2018-10-26 00:00:00"
2233;"2015-02-06 00:00:00";"2021-07-01 00:00:00"
2239;"2015-02-06 00:00:00";"2022-09-09 00:00:00"
2303;"2015-02-08 00:00:00";"2012-10-20 00:00:00"
2312;"2015-02-08 00:00:00";"2014-10-27 00:00:00"
2323;"2015-02-08 00:00:00";"2016-07-18 00:00:00"
2334;"2015-02-08 00:00:00";"2018-06-04 00:00:00"
2366;"2015-02-09 00:00:00";"2013-07-01 00:00:00"
2367;"2015-02-09 00:00:00";"2013-08-29 00:00:00"
2378;"2015-02-09 00:00:00";"2016-05-30 00:00:00"
2383;"2015-02-09 00:00:00";"2017-12-03 00:00:00"
2391;"2015-02-09 00:00:00";"2018-05-26 00:00:00"
2406;"2015-02-09 00:00:00";"2021-08-21 00:00:00"
2408;"2015-02-09 00:00:00";"2022-01-04 00:00:00"
2412;"2015-02-10 00:00:00";"2012-09-03 00:00:00"
2413;"2015-02-10 00:00:00";"2012-10-19 00:00:00"
2423;"2015-02-10 00:00:00";"2013-04-06 00:00:00"
2424;"2015-02-10 00:00:00";"2013-04-23 00:00:00"
2431;"2015-02-10 00:00:00";"2014-06-28 00:00:00"
2437;"2015-02-10 00:00:00";"2015-01-08 00:00:00"
2452;"2015-02-10 00:00:00";"2018-09-01 00:00:00"
2455;"2015-02-10 00:00:00";"2019-07-28 00:00:00"
2458;"2015-02-10 00:00:00";"2020-09-17 00:00:00"
2459;"2015-02-10 00:00:00";"2020-12-30 00:00:00"
2476;"2015-02-11 00:00:00";"2012-11-27 00:00:00"
2502;"2015-02-11 00:00:00";"2017-08-01 00:00:00"
2503;"2015-02-11 00:00:00";"2017-08-24 00:00:00"
2504;"2015-02-11 00:00:00";"2017-12-25 00:00:00"
2518;"2015-02-11 00:00:00";"2019-02-19 00:00:00"
2519;"2015-02-11 00:00:00";"2019-04-08 00:00:00"
2520;"2015-02-11 00:00:00";"2019-06-07 00:00:00"
2529;"2015-02-11 00:00:00";"2020-06-11 00:00:00"
2530;"2015-02-11 00:00:00";"2020-11-26 00:00:00"
2544;"2015-02-12 00:00:00";"2012-03-27 00:00:00"
2545;"2015-02-12 00:00:00";"2012-12-17 00:00:00"
2572;"2015-02-12 00:00:00";"2016-04-07 00:00:00"
2586;"2015-02-12 00:00:00";"2019-04-06 00:00:00"
2588;"2015-02-12 00:00:00";"2020-01-13 00:00:00"
2593;"2015-02-12 00:00:00";"2022-02-05 00:00:00"
2601;"2015-02-13 00:00:00";"2012-03-27 00:00:00"
2602;"2015-02-13 00:00:00";"2012-10-01 00:00:00"
2608;"2015-02-13 00:00:00";"2013-11-19 00:00:00"
2622;"2015-02-13 00:00:00";"2016-06-27 00:00:00"
2629;"2015-02-13 00:00:00";"2017-07-10 00:00:00"
2634;"2015-02-13 00:00:00";"2018-01-27 00:00:00"
2636;"2015-02-13 00:00:00";"2018-10-11 00:00:00"
2653;"2015-02-13 00:00:00";"2021-03-23 00:00:00"
2654;"2015-02-13 00:00:00";"2021-05-06 00:00:00"
2661;"2015-02-13 00:00:00";"2022-09-27 00:00:00"
2667;"2015-02-14 00:00:00";"2012-10-23 00:00:00"
2672;"2015-02-14 00:00:00";"2014-05-30 00:00:00"
2673;"2015-02-14 00:00:00";"2014-07-03 00:00:00"
2680;"2015-02-14 00:00:00";"2016-10-21 00:00:00"
2684;"2015-02-14 00:00:00";"2017-02-18 00:00:00"
2693;"2015-02-14 00:00:00";"2018-01-21 00:00:00"
2694;"2015-02-14 00:00:00";"2018-10-04 00:00:00"
2703;"2015-02-14 00:00:00";"2019-11-09 00:00:00"
2704;"2015-02-14 00:00:00";"2019-11-21 00:00:00"
2713;"2015-02-14 00:00:00";"2021-08-21 00:00:00"
2728;"2015-02-15 00:00:00";"2012-12-02 00:00:00"
2745;"2015-02-15 00:00:00";"2017-07-31 00:00:00"
2772;"2015-02-15 00:00:00";"2021-02-21 00:00:00"
2783;"2015-02-16 00:00:00";"2012-02-14 00:00:00"
2802;"2015-02-16 00:00:00";"2016-01-31 00:00:00"
2811;"2015-02-16 00:00:00";"2018-03-29 00:00:00"
2831;"2015-02-17 00:00:00";"2012-01-02 00:00:00"
2832;"2015-02-17 00:00:00";"2012-05-10 00:00:00"
2848;"2015-02-17 00:00:00";"2014-02-20 00:00:00"
2849;"2015-02-17 00:00:00";"2014-07-24 00:00:00"
2860;"2015-02-17 00:00:00";"2017-02-17 00:00:00"
2879;"2015-02-17 00:00:00";"2020-04-09 00:00:00"
2884;"2015-02-17 00:00:00";"2022-06-26 00:00:00"
2894;"2015-02-18 00:00:00";"2012-06-02 00:00:00"
2902;"2015-02-18 00:00:00";"2013-04-25 00:00:00"
2903;"2015-02-18 00:00:00";"2013-10-12 00:00:00"
2920;"2015-02-18 00:00:00";"2017-08-04 00:00:00"
2925;"2015-02-18 00:00:00";"2018-03-20 00:00:00"
2926;"2015-02-18 00:00:00";"2018-06-26 00:00:00"
2938;"2015-02-18 00:00:00";"2020-07-26 00:00:00"
2939;"2015-02-18 00:00:00";"2020-08-11 00:00:00"
2959;"2015-02-19 00:00:00";"2013-01-24 00:00:00"
2960;"2015-02-19 00:00:00";"2013-09-03 00:00:00"
2969;"2015-02-19 00:00:00";"2014-10-09 00:00:00"
2973;"2015-02-19 00:00:00";"2015-04-17 00:00:00"
3016;"2015-02-20 00:00:00";"2013-07-02 00:00:00"
3031;"2015-02-20 00:00:00";"2014-06-14 00:00:00"
3032;"2015-02-20 00:00:00";"2014-08-19 00:00:00"
3044;"2015-02-20 00:00:00";"2017-10-25 00:00:00"
3065;"2015-02-20 00:00:00";"2020-12-13 00:00:00"
3070;"2015-02-20 00:00:00";"2021-02-16 00:00:00"
3075;"2015-02-20 00:00:00";"2022-11-07 00:00:00"
3076;"2015-02-20 00:00:00";"2022-12-20 00:00:00"
3079;"2015-02-21 00:00:00";"2012-04-27 00:00:00"
3090;"2015-02-21 00:00:00";"2014-03-29 00:00:00"
3094;"2015-02-21 00:00:00";"2015-10-02 00:00:00"
3096;"2015-02-21 00:00:00";"2015-12-31 00:00:00"
3101;"2015-02-21 00:00:00";"2016-12-23 00:00:00"
3133;"2015-02-21 00:00:00";"2023-05-24 00:00:00"
3138;"2015-02-22 00:00:00";"2013-02-28 00:00:00"
3139;"2015-02-22 00:00:00";"2013-11-07 00:00:00"
3166;"2015-02-22 00:00:00";"2021-12-20 00:00:00"
3174;"2015-02-23 00:00:00";"2012-09-18 00:00:00"
3191;"2015-02-23 00:00:00";"2015-11-01 00:00:00"
3210;"2015-02-23 00:00:00";"2018-05-29 00:00:00"
3223;"2015-02-23 00:00:00";"2022-05-27 00:00:00"
3250;"2015-02-24 00:00:00";"2016-09-29 00:00:00"
3262;"2015-02-24 00:00:00";"2018-05-09 00:00:00"
3263;"2015-02-24 00:00:00";"2018-11-03 00:00:00"
3308;"2015-02-25 00:00:00";"2015-07-18 00:00:00"
3319;"2015-02-25 00:00:00";"2017-05-27 00:00:00"
3320;"2015-02-25 00:00:00";"2017-09-14 00:00:00"
3342;"2015-02-25 00:00:00";"2021-08-05 00:00:00"
3346;"2015-02-26 00:00:00";"2012-01-09 00:00:00"
3347;"2015-02-26 00:00:00";"2012-03-11 00:00:00"
3355;"2015-02-26 00:00:00";"2013-04-26 00:00:00"
3356;"2015-02-26 00:00:00";"2013-06-30 00:00:00"
3357;"2015-02-26 00:00:00";"2013-07-13 00:00:00"
3373;"2015-02-26 00:00:00";"2016-01-28 00:00:00"
3394;"2015-02-26 00:00:00";"2019-03-13 00:00:00"
3415;"2015-02-27 00:00:00";"2013-02-11 00:00:00"
3417;"2015-02-27 00:00:00";"2013-05-16 00:00:00"
3423;"2015-02-27 00:00:00";"2014-09-03 00:00:00"
3428;"2015-02-27 00:00:00";"2016-08-31 00:00:00"
3456;"2015-02-27 00:00:00";"2019-09-27 00:00:00"
3458;"2015-02-27 00:00:00";"2019-11-01 00:00:00"
3471;"2015-02-27 00:00:00";"2022-03-03 00:00:00"
3486;"2015-02-28 00:00:00";"2014-10-13 00:00:00"
3492;"2015-02-28 00:00:00";"2016-01-29 00:00:00"
3502;"2015-02-28 00:00:00";"2018-02-19 00:00:00"
3516;"2015-02-28 00:00:00";"2020-05-17 00:00:00"
3530;"2015-02-28 00:00:00";"2023-05-17 00:00:00"
3533;"2015-03-01 00:00:00";"2012-08-01 00:00:00"
3545;"2015-03-01 00:00:00";"2015-10-04 00:00:00"
3557;"2015-03-01 00:00:00";"2018-07-12 00:00:00"
3558;"2015-03-01 00:00:00";"2018-08-01 00:00:00"
3583;"2015-03-02 00:00:00";"2012-07-16 00:00:00"
3591;"2015-03-02 00:00:00";"2013-07-22 00:00:00"
3600;"2015-03-02 00:00:00";"2014-01-10 00:00:00"
3603;"2015-03-02 00:00:00";"2015-01-31 00:00:00"
3621;"2015-03-02 00:00:00";"2018-02-16 00:00:00"
3622;"2015-03-02 00:00:00";"2018-06-22 00:00:00"
3648;"2015-03-03 00:00:00";"2013-05-06 00:00:00"
3649;"2015-03-03 00:00:00";"2013-07-20 00:00:00"
3659;"2015-03-03 00:00:00";"2014-03-25 00:00:00"
3661;"2015-03-03 00:00:00";"2015-05-02 00:00:00"
3668;"2015-03-03 00:00:00";"2017-06-11 00:00:00"
3685;"2015-03-03 00:00:00";"2020-05-12 00:00:00"
3696;"2015-03-04 00:00:00";"2012-07-09 00:00:00"
3704;"2015-03-04 00:00:00";"2013-06-24 00:00:00"
3719;"2015-03-04 00:00:00";"2016-09-26 00:00:00"
3720;"2015-03-04 00:00:00";"2016-10-09 00:00:00"
3749;"2015-03-04 00:00:00";"2021-02-21 00:00:00"
3754;"2015-03-05 00:00:00";"2012-05-20 00:00:00"
3777;"2015-03-05 00:00:00";"2014-05-21 00:00:00"
3793;"2015-03-05 00:00:00";"2017-04-01 00:00:00"
3795;"2015-03-05 00:00:00";"2017-11-05 00:00:00"
3802;"2015-03-05 00:00:00";"2018-03-09 00:00:00"
3813;"2015-03-05 00:00:00";"2021-01-23 00:00:00"
3839;"2015-03-06 00:00:00";"2015-05-16 00:00:00"
3866;"2015-03-06 00:00:00";"2020-01-26 00:00:00"
3867;"2015-03-06 00:00:00";"2020-10-12 00:00:00"
3871;"2015-03-06 00:00:00";"2021-12-07 00:00:00"
3890;"2015-03-07 00:00:00";"2014-01-23 00:00:00"
3893;"2015-03-07 00:00:00";"2015-06-30 00:00:00"
3895;"2015-03-07 00:00:00";"2016-08-09 00:00:00"
3896;"2015-03-07 00:00:00";"2016-09-05 00:00:00"
3902;"2015-03-07 00:00:00";"2017-01-11 00:00:00"
3921;"2015-03-07 00:00:00";"2020-10-19 00:00:00"
4016;"2015-03-09 00:00:00";"2014-09-30 00:00:00"
4028;"2015-03-09 00:00:00";"2017-04-08 00:00:00"
4038;"2015-03-09 00:00:00";"2018-04-03 00:00:00"
4086;"2015-03-10 00:00:00";"2015-01-10 00:00:00"
4089;"2015-03-10 00:00:00";"2016-04-11 00:00:00"
4093;"2015-03-10 00:00:00";"2017-11-16 00:00:00"
4103;"2015-03-10 00:00:00";"2019-10-04 00:00:00"
4106;"2015-03-10 00:00:00";"2020-08-25 00:00:00"
4111;"2015-03-10 00:00:00";"2021-05-08 00:00:00"
4116;"2015-03-11 00:00:00";"2012-02-01 00:00:00"
4126;"2015-03-11 00:00:00";"2013-07-26 00:00:00"
4133;"2015-03-11 00:00:00";"2014-05-09 00:00:00"
4153;"2015-03-11 00:00:00";"2017-08-05 00:00:00"
4173;"2015-03-11 00:00:00";"2022-03-13 00:00:00"
4181;"2015-03-12 00:00:00";"2012-08-19 00:00:00"
4204;"2015-03-12 00:00:00";"2016-10-28 00:00:00"
4209;"2015-03-12 00:00:00";"2017-06-27 00:00:00"
4213;"2015-03-12 00:00:00";"2018-08-25 00:00:00"
4221;"2015-03-12 00:00:00";"2019-07-06 00:00:00"
4222;"2015-03-12 00:00:00";"2019-11-01 00:00:00"
4227;"2015-03-12 00:00:00";"2022-03-24 00:00:00"
4241;"2015-03-13 00:00:00";"2013-07-16 00:00:00"
4255;"2015-03-13 00:00:00";"2017-02-19 00:00:00"
4256;"2015-03-13 00:00:00";"2017-09-06 00:00:00"
4286;"2015-03-13 00:00:00";"2020-09-22 00:00:00"
4293;"2015-03-13 00:00:00";"2021-12-29 00:00:00"
4297;"2015-03-13 00:00:00";"2022-06-21 00:00:00"
4305;"2015-03-14 00:00:00";"2013-09-20 00:00:00"
4311;"2015-03-14 00:00:00";"2014-12-12 00:00:00"
4318;"2015-03-14 00:00:00";"2016-10-10 00:00:00"
4351;"2015-03-14 00:00:00";"2021-05-17 00:00:00"
4361;"2015-03-15 00:00:00";"2013-08-26 00:00:00"
4366;"2015-03-15 00:00:00";"2014-12-24 00:00:00"
4376;"2015-03-15 00:00:00";"2016-03-18 00:00:00"
4378;"2015-03-15 00:00:00";"2016-12-31 00:00:00"
4395;"2015-03-15 00:00:00";"2019-02-12 00:00:00"
4401;"2015-03-15 00:00:00";"2021-03-16 00:00:00"
4406;"2015-03-16 00:00:00";"2012-04-29 00:00:00"
4419;"2015-03-16 00:00:00";"2013-09-10 00:00:00"
4434;"2015-03-16 00:00:00";"2016-01-07 00:00:00"
4435;"2015-03-16 00:00:00";"2016-02-07 00:00:00"
4436;"2015-03-16 00:00:00";"2016-08-15 00:00:00"
4458;"2015-03-16 00:00:00";"2019-02-27 00:00:00"
4459;"2015-03-16 00:00:00";"2019-07-02 00:00:00"
4461;"2015-03-16 00:00:00";"2019-12-14 00:00:00"
4477;"2015-03-17 00:00:00";"2013-03-10 00:00:00"
4504;"2015-03-17 00:00:00";"2017-04-25 00:00:00"
4518;"2015-03-17 00:00:00";"2019-06-28 00:00:00"
4531;"2015-03-17 00:00:00";"2020-12-16 00:00:00"
4537;"2015-03-17 00:00:00";"2021-09-17 00:00:00"
4563;"2015-03-18 00:00:00";"2014-03-10 00:00:00"
4570;"2015-03-18 00:00:00";"2017-02-20 00:00:00"
4580;"2015-03-18 00:00:00";"2018-11-13 00:00:00"
4590;"2015-03-18 00:00:00";"2020-03-05 00:00:00"
4593;"2015-03-18 00:00:00";"2020-08-10 00:00:00"
4609;"2015-03-19 00:00:00";"2012-02-16 00:00:00"
4627;"2015-03-19 00:00:00";"2016-04-23 00:00:00"
4637;"2015-03-19 00:00:00";"2018-04-27 00:00:00"
4642;"2015-03-19 00:00:00";"2019-05-06 00:00:00"
4663;"2015-03-20 00:00:00";"2012-12-03 00:00:00"
4672;"2015-03-20 00:00:00";"2013-09-27 00:00:00"
4680;"2015-03-20 00:00:00";"2014-09-05 00:00:00"
4691;"2015-03-20 00:00:00";"2017-06-29 00:00:00"
4696;"2015-03-20 00:00:00";"2018-10-14 00:00:00"
4704;"2015-03-20 00:00:00";"2019-01-03 00:00:00"
4705;"2015-03-20 00:00:00";"2019-07-12 00:00:00"
4718;"2015-03-20 00:00:00";"2021-11-17 00:00:00"
4724;"2015-03-20 00:00:00";"2022-09-09 00:00:00"
4732;"2015-03-21 00:00:00";"2013-02-15 00:00:00"
4733;"2015-03-21 00:00:00";"2013-08-31 00:00:00"
4740;"2015-03-21 00:00:00";"2014-06-07 00:00:00"
4741;"2015-03-21 00:00:00";"2014-06-09 00:00:00"
4753;"2015-03-21 00:00:00";"2016-12-25 00:00:00"
4758;"2015-03-21 00:00:00";"2017-07-20 00:00:00"
4783;"2015-03-22 00:00:00";"2012-01-30 00:00:00"
4795;"2015-03-22 00:00:00";"2016-01-29 00:00:00"
4805;"2015-03-22 00:00:00";"2018-10-30 00:00:00"
4817;"2015-03-22 00:00:00";"2021-08-01 00:00:00"
4827;"2015-03-23 00:00:00";"2012-04-18 00:00:00"
4828;"2015-03-23 00:00:00";"2012-10-12 00:00:00"
4854;"2015-03-23 00:00:00";"2017-03-09 00:00:00"
4855;"2015-03-23 00:00:00";"2017-08-22 00:00:00"
4872;"2015-03-23 00:00:00";"2020-09-11 00:00:00"
4878;"2015-03-23 00:00:00";"2022-12-04 00:00:00"
4896;"2015-03-24 00:00:00";"2013-05-31 00:00:00"
4897;"2015-03-24 00:00:00";"2013-11-23 00:00:00"
4905;"2015-03-24 00:00:00";"2016-07-27 00:00:00"
4915;"2015-03-24 00:00:00";"2017-08-31 00:00:00"
4931;"2015-03-24 00:00:00";"2020-01-03 00:00:00"
4936;"2015-03-24 00:00:00";"2021-06-17 00:00:00"
4946;"2015-03-25 00:00:00";"2012-06-23 00:00:00"
4947;"2015-03-25 00:00:00";"2012-09-12 00:00:00"
4965;"2015-03-25 00:00:00";"2016-12-29 00:00:00"
4976;"2015-03-25 00:00:00";"2018-11-17 00:00:00"
4981;"2015-03-25 00:00:00";"2019-12-01 00:00:00"
4990;"2015-03-25 00:00:00";"2021-02-20 00:00:00"
4991;"2015-03-25 00:00:00";"2021-09-19 00:00:00"
4992;"2015-03-25 00:00:00";"2021-11-28 00:00:00"
5018;"2015-03-26 00:00:00";"2014-06-09 00:00:00"
5019;"2015-03-26 00:00:00";"2014-12-31 00:00:00"
5036;"2015-03-26 00:00:00";"2017-10-08 00:00:00"
5037;"2015-03-26 00:00:00";"2017-10-13 00:00:00"
5038;"2015-03-26 00:00:00";"2017-12-05 00:00:00"
5057;"2015-03-26 00:00:00";"2020-08-07 00:00:00"
5065;"2015-03-27 00:00:00";"2012-07-05 00:00:00"
5074;"2015-03-27 00:00:00";"2013-05-06 00:00:00"
5075;"2015-03-27 00:00:00";"2013-08-15 00:00:00"
5076;"2015-03-27 00:00:00";"2013-12-12 00:00:00"
5087;"2015-03-27 00:00:00";"2016-10-25 00:00:00"
5088;"2015-03-27 00:00:00";"2016-12-26 00:00:00"
5106;"2015-03-27 00:00:00";"2018-04-24 00:00:00"
5125;"2015-03-27 00:00:00";"2021-08-30 00:00:00"
5150;"2015-03-28 00:00:00";"2015-08-03 00:00:00"
5151;"2015-03-28 00:00:00";"2015-08-24 00:00:00"
5155;"2015-03-28 00:00:00";"2016-03-23 00:00:00"
5157;"2015-03-28 00:00:00";"2016-09-26 00:00:00"
5170;"2015-03-28 00:00:00";"2018-12-16 00:00:00"
5182;"2015-03-28 00:00:00";"2020-05-31 00:00:00"
5196;"2015-03-29 00:00:00";"2012-03-04 00:00:00"
5197;"2015-03-29 00:00:00";"2012-07-16 00:00:00"
5198;"2015-03-29 00:00:00";"2012-09-12 00:00:00"
5199;"2015-03-29 00:00:00";"2012-12-15 00:00:00"
5207;"2015-03-29 00:00:00";"2014-06-28 00:00:00"
5211;"2015-03-29 00:00:00";"2015-01-24 00:00:00"
5212;"2015-03-29 00:00:00";"2015-08-01 00:00:00"
5216;"2015-03-29 00:00:00";"2016-10-29 00:00:00"
5234;"2015-03-29 00:00:00";"2019-05-13 00:00:00"
5287;"2015-03-30 00:00:00";"2018-03-19 00:00:00"
5299;"2015-03-30 00:00:00";"2020-10-10 00:00:00"
5312;"2015-03-31 00:00:00";"2012-06-28 00:00:00"
5317;"2015-03-31 00:00:00";"2013-04-13 00:00:00"
5318;"2015-03-31 00:00:00";"2013-11-16 00:00:00"
5358;"2015-03-31 00:00:00";"2019-07-27 00:00:00"
5369;"2015-03-31 00:00:00";"2022-05-04 00:00:00"
5374;"2015-04-01 00:00:00";"2012-07-01 00:00:00"
5375;"2015-04-01 00:00:00";"2012-09-13 00:00:00"
5394;"2015-04-01 00:00:00";"2014-05-26 00:00:00"
5395;"2015-04-01 00:00:00";"2014-12-09 00:00:00"
5398;"2015-04-01 00:00:00";"2015-11-01 00:00:00"
5399;"2015-04-01 00:00:00";"2015-12-18 00:00:00"
5420;"2015-04-01 00:00:00";"2019-06-29 00:00:00"
5430;"2015-04-01 00:00:00";"2020-08-29 00:00:00"
5435;"2015-04-01 00:00:00";"2022-02-06 00:00:00"
5455;"2015-04-02 00:00:00";"2013-01-17 00:00:00"
5458;"2015-04-02 00:00:00";"2013-11-16 00:00:00"
5468;"2015-04-02 00:00:00";"2016-03-04 00:00:00"
5491;"2015-04-02 00:00:00";"2020-04-13 00:00:00"
5494;"2015-04-02 00:00:00";"2021-04-03 00:00:00"
5504;"2015-04-03 00:00:00";"2012-07-15 00:00:00"
5534;"2015-04-03 00:00:00";"2017-04-30 00:00:00"
5538;"2015-04-03 00:00:00";"2018-01-29 00:00:00"
5544;"2015-04-03 00:00:00";"2019-04-14 00:00:00"
5545;"2015-04-03 00:00:00";"2019-05-13 00:00:00"
5560;"2015-04-03 00:00:00";"2022-05-31 00:00:00"
5562;"2015-04-03 00:00:00";"2022-12-28 00:00:00"
5579;"2015-04-04 00:00:00";"2014-04-05 00:00:00"
5580;"2015-04-04 00:00:00";"2014-09-08 00:00:00"
5593;"2015-04-04 00:00:00";"2017-01-19 00:00:00"
5605;"2015-04-04 00:00:00";"2019-04-01 00:00:00"
5634;"2015-04-05 00:00:00";"2013-04-21 00:00:00"
5636;"2015-04-05 00:00:00";"2013-10-26 00:00:00"
5645;"2015-04-05 00:00:00";"2015-03-02 00:00:00"
5647;"2015-04-05 00:00:00";"2016-04-16 00:00:00"
5660;"2015-04-05 00:00:00";"2018-08-18 00:00:00"
5667;"2015-04-05 00:00:00";"2019-02-15 00:00:00"
5668;"2015-04-05 00:00:00";"2019-04-09 00:00:00"
5696;"2015-04-06 00:00:00";"2013-09-04 00:00:00"
5710;"2015-04-06 00:00:00";"2016-08-24 00:00:00"
5713;"2015-04-06 00:00:00";"2017-12-17 00:00:00"
5720;"2015-04-06 00:00:00";"2018-02-28 00:00:00"
5726;"2015-04-06 00:00:00";"2019-03-24 00:00:00"
5735;"2015-04-06 00:00:00";"2021-12-12 00:00:00"
5757;"2015-04-07 00:00:00";"2014-11-29 00:00:00"
5779;"2015-04-07 00:00:00";"2018-10-19 00:00:00"
5810;"2015-04-08 00:00:00";"2013-01-08 00:00:00"
5811;"2015-04-08 00:00:00";"2013-04-04 00:00:00"
5812;"2015-04-08 00:00:00";"2013-05-07 00:00:00"
5813;"2015-04-08 00:00:00";"2013-09-08 00:00:00"
5814;"2015-04-08 00:00:00";"2013-09-22 00:00:00"
5823;"2015-04-08 00:00:00";"2015-06-11 00:00:00"
5824;"2015-04-08 00:00:00";"2015-07-05 00:00:00"
5834;"2015-04-08 00:00:00";"2017-02-23 00:00:00"
5835;"2015-04-08 00:00:00";"2017-06-25 00:00:00"
5836;"2015-04-08 00:00:00";"2017-08-13 00:00:00"
5844;"2015-04-08 00:00:00";"2018-05-09 00:00:00"
5855;"2015-04-08 00:00:00";"2021-04-10 00:00:00"
5856;"2015-04-08 00:00:00";"2021-10-21 00:00:00"
5871;"2015-04-09 00:00:00";"2013-04-30 00:00:00"
5872;"2015-04-09 00:00:00";"2013-07-26 00:00:00"
5896;"2015-04-09 00:00:00";"2018-06-01 00:00:00"
5897;"2015-04-09 00:00:00";"2018-08-04 00:00:00"
5898;"2015-04-09 00:00:00";"2018-09-08 00:00:00"
5899;"2015-04-09 00:00:00";"2018-12-18 00:00:00"
5918;"2015-04-10 00:00:00";"2012-12-04 00:00:00"
5927;"2015-04-10 00:00:00";"2014-02-08 00:00:00"
5928;"2015-04-10 00:00:00";"2014-07-18 00:00:00"
5973;"2015-04-11 00:00:00";"2012-12-14 00:00:00"
5981;"2015-04-11 00:00:00";"2014-10-29 00:00:00"
5986;"2015-04-11 00:00:00";"2015-07-21 00:00:00"
5993;"2015-04-11 00:00:00";"2016-11-14 00:00:00"
5994;"2015-04-11 00:00:00";"2016-12-05 00:00:00"
6000;"2015-04-11 00:00:00";"2017-02-26 00:00:00"
6005;"2015-04-11 00:00:00";"2018-05-07 00:00:00"
6018;"2015-04-11 00:00:00";"2020-10-16 00:00:00"
6040;"2015-04-12 00:00:00";"2012-02-01 00:00:00"
6041;"2015-04-12 00:00:00";"2012-09-18 00:00:00"
6061;"2015-04-12 00:00:00";"2017-02-05 00:00:00"
6074;"2015-04-12 00:00:00";"2019-07-03 00:00:00"
6084;"2015-04-12 00:00:00";"2022-09-04 00:00:00"
6103;"2015-04-13 00:00:00";"2013-03-28 00:00:00"
6148;"2015-04-13 00:00:00";"2021-01-19 00:00:00"
6149;"2015-04-13 00:00:00";"2021-10-05 00:00:00"
6156;"2015-04-14 00:00:00";"2012-06-10 00:00:00"
6157;"2015-04-14 00:00:00";"2012-10-16 00:00:00"
6186;"2015-04-14 00:00:00";"2018-02-07 00:00:00"
6193;"2015-04-14 00:00:00";"2019-12-26 00:00:00"
6196;"2015-04-14 00:00:00";"2020-10-10 00:00:00"
6198;"2015-04-14 00:00:00";"2021-01-13 00:00:00"
6199;"2015-04-14 00:00:00";"2021-03-24 00:00:00"
6216;"2015-04-15 00:00:00";"2013-07-27 00:00:00"
6218;"2015-04-15 00:00:00";"2013-08-24 00:00:00"
6242;"2015-04-15 00:00:00";"2017-11-21 00:00:00"
6265;"2015-04-15 00:00:00";"2020-03-24 00:00:00"
6299;"2015-04-16 00:00:00";"2017-03-09 00:00:00"
6314;"2015-04-16 00:00:00";"2019-02-20 00:00:00"
6321;"2015-04-16 00:00:00";"2022-04-26 00:00:00"
6330;"2015-04-17 00:00:00";"2012-08-04 00:00:00"
6339;"2015-04-17 00:00:00";"2013-02-03 00:00:00"
6341;"2015-04-17 00:00:00";"2013-06-06 00:00:00"
6349;"2015-04-17 00:00:00";"2014-03-15 00:00:00"
6350;"2015-04-17 00:00:00";"2014-11-12 00:00:00"
6366;"2015-04-17 00:00:00";"2018-01-10 00:00:00"
6367;"2015-04-17 00:00:00";"2018-08-31 00:00:00"
6382;"2015-04-17 00:00:00";"2020-10-12 00:00:00"
6400;"2015-04-18 00:00:00";"2013-05-06 00:00:00"
6401;"2015-04-18 00:00:00";"2013-06-26 00:00:00"
6408;"2015-04-18 00:00:00";"2015-09-16 00:00:00"
6417;"2015-04-18 00:00:00";"2017-02-17 00:00:00"
6418;"2015-04-18 00:00:00";"2017-10-23 00:00:00"
6419;"2015-04-18 00:00:00";"2017-12-20 00:00:00"
6439;"2015-04-18 00:00:00";"2020-05-03 00:00:00"
6465;"2015-04-19 00:00:00";"2015-01-12 00:00:00"
6466;"2015-04-19 00:00:00";"2015-03-15 00:00:00"
6467;"2015-04-19 00:00:00";"2015-05-11 00:00:00"
6478;"2015-04-19 00:00:00";"2017-06-14 00:00:00"
6485;"2015-04-19 00:00:00";"2018-12-04 00:00:00"
6490;"2015-04-19 00:00:00";"2019-06-19 00:00:00"
6530;"2015-04-20 00:00:00";"2015-02-16 00:00:00"
6535;"2015-04-20 00:00:00";"2016-01-28 00:00:00"
6536;"2015-04-20 00:00:00";"2016-04-24 00:00:00"
6577;"2015-04-21 00:00:00";"2012-03-12 00:00:00"
6618;"2015-04-21 00:00:00";"2019-01-22 00:00:00"
6619;"2015-04-21 00:00:00";"2019-05-18 00:00:00"
6627;"2015-04-21 00:00:00";"2020-04-22 00:00:00"
6640;"2015-04-22 00:00:00";"2012-01-17 00:00:00"
6641;"2015-04-22 00:00:00";"2012-03-04 00:00:00"
6647;"2015-04-22 00:00:00";"2013-11-30 00:00:00"
6662;"2015-04-22 00:00:00";"2016-11-12 00:00:00"
6667;"2015-04-22 00:00:00";"2017-01-16 00:00:00"
6671;"2015-04-22 00:00:00";"2018-03-12 00:00:00"
6682;"2015-04-22 00:00:00";"2019-07-05 00:00:00"
6696;"2015-04-23 00:00:00";"2012-09-28 00:00:00"
6703;"2015-04-23 00:00:00";"2013-09-01 00:00:00"
6714;"2015-04-23 00:00:00";"2015-09-11 00:00:00"
6718;"2015-04-23 00:00:00";"2016-04-14 00:00:00"
6740;"2015-04-23 00:00:00";"2019-04-17 00:00:00"
6746;"2015-04-23 00:00:00";"2020-04-16 00:00:00"
6762;"2015-04-24 00:00:00";"2013-10-26 00:00:00"
6779;"2015-04-24 00:00:00";"2016-07-28 00:00:00"
6780;"2015-04-24 00:00:00";"2016-09-30 00:00:00"
6785;"2015-04-24 00:00:00";"2017-06-11 00:00:00"
6798;"2015-04-24 00:00:00";"2019-07-13 00:00:00"
6799;"2015-04-24 00:00:00";"2019-12-22 00:00:00"
6814;"2015-04-24 00:00:00";"2022-05-21 00:00:00"
6815;"2015-04-24 00:00:00";"2022-10-20 00:00:00"
6838;"2015-04-25 00:00:00";"2015-09-12 00:00:00"
6846;"2015-04-25 00:00:00";"2017-09-06 00:00:00"
6848;"2015-04-25 00:00:00";"2017-12-06 00:00:00"
6853;"2015-04-25 00:00:00";"2018-02-22 00:00:00"
6854;"2015-04-25 00:00:00";"2018-04-05 00:00:00"
6855;"2015-04-25 00:00:00";"2018-06-25 00:00:00"
6856;"2015-04-25 00:00:00";"2018-11-20 00:00:00"
6874;"2015-04-25 00:00:00";"2021-10-27 00:00:00"
6882;"2015-04-25 00:00:00";"2023-02-25 00:00:00"
6887;"2015-04-26 00:00:00";"2012-08-01 00:00:00"
6895;"2015-04-26 00:00:00";"2014-01-20 00:00:00"
6896;"2015-04-26 00:00:00";"2014-01-22 00:00:00"
6897;"2015-04-26 00:00:00";"2014-09-28 00:00:00"
6899;"2015-04-26 00:00:00";"2015-03-13 00:00:00"
6900;"2015-04-26 00:00:00";"2015-03-14 00:00:00"
6927;"2015-04-26 00:00:00";"2020-09-13 00:00:00"
6953;"2015-04-27 00:00:00";"2013-04-09 00:00:00"
6954;"2015-04-27 00:00:00";"2013-07-30 00:00:00"
6962;"2015-04-27 00:00:00";"2015-03-10 00:00:00"
6963;"2015-04-27 00:00:00";"2015-11-11 00:00:00"
6991;"2015-04-27 00:00:00";"2019-06-06 00:00:00"
6996;"2015-04-27 00:00:00";"2020-07-30 00:00:00"
7002;"2015-04-27 00:00:00";"2021-03-13 00:00:00"
7005;"2015-04-27 00:00:00";"2022-12-13 00:00:00"
7016;"2015-04-28 00:00:00";"2013-03-06 00:00:00"
7029;"2015-04-28 00:00:00";"2016-11-06 00:00:00"
7046;"2015-04-28 00:00:00";"2019-06-23 00:00:00"
7053;"2015-04-28 00:00:00";"2022-06-16 00:00:00"
7070;"2015-04-29 00:00:00";"2014-02-06 00:00:00"
7074;"2015-04-29 00:00:00";"2016-04-19 00:00:00"
7081;"2015-04-29 00:00:00";"2017-02-18 00:00:00"
7083;"2015-04-29 00:00:00";"2017-12-28 00:00:00"
7092;"2015-04-29 00:00:00";"2019-02-10 00:00:00"
7119;"2015-04-30 00:00:00";"2013-05-01 00:00:00"
7129;"2015-04-30 00:00:00";"2014-05-31 00:00:00"
7130;"2015-04-30 00:00:00";"2014-09-19 00:00:00"
7141;"2015-04-30 00:00:00";"2017-06-02 00:00:00"
7176;"2015-05-01 00:00:00";"2012-12-12 00:00:00"
7189;"2015-05-01 00:00:00";"2013-03-16 00:00:00"
7197;"2015-05-01 00:00:00";"2014-09-04 00:00:00"
7204;"2015-05-01 00:00:00";"2016-01-20 00:00:00"
7211;"2015-05-01 00:00:00";"2017-10-24 00:00:00"
7223;"2015-05-01 00:00:00";"2019-10-03 00:00:00"
7242;"2015-05-01 00:00:00";"2022-02-11 00:00:00"
7247;"2015-05-02 00:00:00";"2012-02-29 00:00:00"
7265;"2015-05-02 00:00:00";"2016-07-20 00:00:00"
7271;"2015-05-02 00:00:00";"2017-02-12 00:00:00"
7272;"2015-05-02 00:00:00";"2017-03-08 00:00:00"
7274;"2015-05-02 00:00:00";"2017-11-29 00:00:00"
7287;"2015-05-02 00:00:00";"2019-03-03 00:00:00"
7288;"2015-05-02 00:00:00";"2019-05-12 00:00:00"
7294;"2015-05-02 00:00:00";"2020-04-14 00:00:00"
7309;"2015-05-02 00:00:00";"2022-05-03 00:00:00"
7315;"2015-05-03 00:00:00";"2012-05-29 00:00:00"
7324;"2015-05-03 00:00:00";"2014-07-21 00:00:00"
7329;"2015-05-03 00:00:00";"2015-10-06 00:00:00"
7365;"2015-05-04 00:00:00";"2012-10-12 00:00:00"
7370;"2015-05-04 00:00:00";"2013-03-03 00:00:00"
7372;"2015-05-04 00:00:00";"2013-12-28 00:00:00"
7385;"2015-05-04 00:00:00";"2016-07-01 00:00:00"
7387;"2015-05-04 00:00:00";"2016-11-04 00:00:00"
7395;"2015-05-04 00:00:00";"2017-06-14 00:00:00"
7396;"2015-05-04 00:00:00";"2017-08-01 00:00:00"
7413;"2015-05-04 00:00:00";"2020-03-27 00:00:00"
7428;"2015-05-05 00:00:00";"2014-10-13 00:00:00"
7432;"2015-05-05 00:00:00";"2015-06-14 00:00:00"
7433;"2015-05-05 00:00:00";"2016-11-09 00:00:00"
7447;"2015-05-05 00:00:00";"2018-10-27 00:00:00"
7468;"2015-05-06 00:00:00";"2012-01-13 00:00:00"
7469;"2015-05-06 00:00:00";"2012-10-09 00:00:00"
7478;"2015-05-06 00:00:00";"2013-01-25 00:00:00"
7483;"2015-05-06 00:00:00";"2014-09-21 00:00:00"
7515;"2015-05-06 00:00:00";"2020-07-04 00:00:00"
7531;"2015-05-07 00:00:00";"2013-02-26 00:00:00"
7553;"2015-05-07 00:00:00";"2017-03-24 00:00:00"
7555;"2015-05-07 00:00:00";"2017-10-12 00:00:00"
7560;"2015-05-07 00:00:00";"2018-04-26 00:00:00"
7571;"2015-05-07 00:00:00";"2020-09-05 00:00:00"
7577;"2015-05-07 00:00:00";"2021-02-26 00:00:00"
7578;"2015-05-07 00:00:00";"2022-05-04 00:00:00"
7583;"2015-05-08 00:00:00";"2012-01-19 00:00:00"
7584;"2015-05-08 00:00:00";"2012-05-09 00:00:00"
7593;"2015-05-08 00:00:00";"2013-09-26 00:00:00"
7602;"2015-05-08 00:00:00";"2015-06-25 00:00:00"
7612;"2015-05-08 00:00:00";"2017-07-15 00:00:00"
7626;"2015-05-08 00:00:00";"2019-01-14 00:00:00"
7629;"2015-05-08 00:00:00";"2019-12-12 00:00:00"
7641;"2015-05-08 00:00:00";"2021-04-25 00:00:00"
7653;"2015-05-09 00:00:00";"2012-10-30 00:00:00"
7655;"2015-05-09 00:00:00";"2013-10-22 00:00:00"
7664;"2015-05-09 00:00:00";"2015-04-13 00:00:00"
7669;"2015-05-09 00:00:00";"2016-04-13 00:00:00"
7673;"2015-05-09 00:00:00";"2017-02-13 00:00:00"
7708;"2015-05-10 00:00:00";"2012-11-02 00:00:00"
7715;"2015-05-10 00:00:00";"2013-12-25 00:00:00"
7716;"2015-05-10 00:00:00";"2014-09-19 00:00:00"
7727;"2015-05-10 00:00:00";"2016-02-23 00:00:00"
7754;"2015-05-10 00:00:00";"2020-12-02 00:00:00"
7768;"2015-05-11 00:00:00";"2012-04-08 00:00:00"
7769;"2015-05-11 00:00:00";"2012-09-12 00:00:00"
7772;"2015-05-11 00:00:00";"2013-03-16 00:00:00"
7773;"2015-05-11 00:00:00";"2013-04-25 00:00:00"
7775;"2015-05-11 00:00:00";"2013-10-18 00:00:00"
7776;"2015-05-11 00:00:00";"2013-11-20 00:00:00"
7788;"2015-05-11 00:00:00";"2016-04-29 00:00:00"
7793;"2015-05-11 00:00:00";"2017-05-14 00:00:00"
7806;"2015-05-11 00:00:00";"2019-02-18 00:00:00"
7807;"2015-05-11 00:00:00";"2019-09-14 00:00:00"
7824;"2015-05-12 00:00:00";"2012-05-03 00:00:00"
7832;"2015-05-12 00:00:00";"2013-04-13 00:00:00"
7833;"2015-05-12 00:00:00";"2013-11-04 00:00:00"
7834;"2015-05-12 00:00:00";"2013-12-30 00:00:00"
7849;"2015-05-12 00:00:00";"2016-05-09 00:00:00"
7850;"2015-05-12 00:00:00";"2016-08-01 00:00:00"
7856;"2015-05-12 00:00:00";"2017-01-28 00:00:00"
7858;"2015-05-12 00:00:00";"2017-11-21 00:00:00"
7869;"2015-05-12 00:00:00";"2019-01-22 00:00:00"
7874;"2015-05-12 00:00:00";"2020-10-02 00:00:00"
7900;"2015-05-13 00:00:00";"2013-09-23 00:00:00"
7904;"2015-05-13 00:00:00";"2014-02-20 00:00:00"
7905;"2015-05-13 00:00:00";"2014-12-16 00:00:00"
7910;"2015-05-13 00:00:00";"2015-12-07 00:00:00"
7916;"2015-05-13 00:00:00";"2016-10-06 00:00:00"
7920;"2015-05-13 00:00:00";"2017-06-21 00:00:00"
7921;"2015-05-13 00:00:00";"2017-08-01 00:00:00"
7922;"2015-05-13 00:00:00";"2017-11-11 00:00:00"
7940;"2015-05-13 00:00:00";"2020-10-01 00:00:00"
7949;"2015-05-14 00:00:00";"2012-12-02 00:00:00"
7950;"2015-05-14 00:00:00";"2012-12-24 00:00:00"
7961;"2015-05-14 00:00:00";"2013-04-17 00:00:00"
7962;"2015-05-14 00:00:00";"2013-05-07 00:00:00"
7963;"2015-05-14 00:00:00";"2013-05-30 00:00:00"
7964;"2015-05-14 00:00:00";"2013-06-22 00:00:00"
7976;"2015-05-14 00:00:00";"2015-09-14 00:00:00"
7990;"2015-05-14 00:00:00";"2018-01-10 00:00:00"
7998;"2015-05-14 00:00:00";"2019-03-12 00:00:00"
8004;"2015-05-14 00:00:00";"2020-11-21 00:00:00"
8028;"2015-05-15 00:00:00";"2013-06-12 00:00:00"
8045;"2015-05-15 00:00:00";"2015-02-25 00:00:00"
8063;"2015-05-15 00:00:00";"2018-06-21 00:00:00"
8087;"2015-05-15 00:00:00";"2020-01-21 00:00:00"
8096;"2015-05-15 00:00:00";"2021-02-02 00:00:00"
8113;"2015-05-16 00:00:00";"2013-01-28 00:00:00"
8119;"2015-05-16 00:00:00";"2014-10-12 00:00:00"
8124;"2015-05-16 00:00:00";"2015-02-06 00:00:00"
8128;"2015-05-16 00:00:00";"2016-01-30 00:00:00"
8133;"2015-05-16 00:00:00";"2017-04-23 00:00:00"
8134;"2015-05-16 00:00:00";"2017-09-16 00:00:00"
8143;"2015-05-16 00:00:00";"2018-01-08 00:00:00"
8148;"2015-05-16 00:00:00";"2019-09-17 00:00:00"
8156;"2015-05-16 00:00:00";"2020-03-21 00:00:00"
8162;"2015-05-16 00:00:00";"2021-04-04 00:00:00"
8163;"2015-05-16 00:00:00";"2021-05-24 00:00:00"
8171;"2015-05-17 00:00:00";"2012-12-24 00:00:00"
8190;"2015-05-17 00:00:00";"2016-12-19 00:00:00"
8197;"2015-05-17 00:00:00";"2018-01-10 00:00:00"
8198;"2015-05-17 00:00:00";"2018-03-19 00:00:00"
8204;"2015-05-17 00:00:00";"2019-08-05 00:00:00"
8208;"2015-05-17 00:00:00";"2020-02-26 00:00:00"
8212;"2015-05-17 00:00:00";"2021-01-24 00:00:00"
8257;"2015-05-18 00:00:00";"2018-05-07 00:00:00"
8258;"2015-05-18 00:00:00";"2018-07-13 00:00:00"
8263;"2015-05-18 00:00:00";"2019-03-24 00:00:00"
8268;"2015-05-18 00:00:00";"2020-09-13 00:00:00"
8269;"2015-05-18 00:00:00";"2020-12-06 00:00:00"
8273;"2015-05-18 00:00:00";"2022-09-14 00:00:00"
8313;"2015-05-19 00:00:00";"2019-08-16 00:00:00"
8314;"2015-05-19 00:00:00";"2019-08-29 00:00:00"
8365;"2015-05-20 00:00:00";"2018-02-07 00:00:00"
8396;"2015-05-21 00:00:00";"2013-09-21 00:00:00"
8405;"2015-05-21 00:00:00";"2014-08-26 00:00:00"
8415;"2015-05-21 00:00:00";"2017-03-12 00:00:00"
8437;"2015-05-21 00:00:00";"2020-05-28 00:00:00"
8447;"2015-05-22 00:00:00";"2012-07-25 00:00:00"
8482;"2015-05-22 00:00:00";"2018-10-16 00:00:00"
8490;"2015-05-22 00:00:00";"2019-10-16 00:00:00"
8499;"2015-05-22 00:00:00";"2020-03-16 00:00:00"
8509;"2015-05-22 00:00:00";"2022-11-19 00:00:00"
8515;"2015-05-23 00:00:00";"2012-05-26 00:00:00"
8516;"2015-05-23 00:00:00";"2012-11-24 00:00:00"
8530;"2015-05-23 00:00:00";"2015-07-18 00:00:00"
8543;"2015-05-23 00:00:00";"2018-06-16 00:00:00"
8645;"2015-05-25 00:00:00";"2013-05-20 00:00:00"
8646;"2015-05-25 00:00:00";"2013-07-22 00:00:00"
8651;"2015-05-25 00:00:00";"2014-09-07 00:00:00"
8662;"2015-05-25 00:00:00";"2017-05-25 00:00:00"
8667;"2015-05-25 00:00:00";"2018-04-28 00:00:00"
8678;"2015-05-25 00:00:00";"2020-05-20 00:00:00"
8696;"2015-05-26 00:00:00";"2013-04-18 00:00:00"
8725;"2015-05-26 00:00:00";"2020-07-04 00:00:00"
8729;"2015-05-26 00:00:00";"2021-03-08 00:00:00"
8746;"2015-05-27 00:00:00";"2013-02-04 00:00:00"
8748;"2015-05-27 00:00:00";"2013-10-29 00:00:00"
8756;"2015-05-27 00:00:00";"2014-07-31 00:00:00"
8766;"2015-05-27 00:00:00";"2017-01-09 00:00:00"
8782;"2015-05-27 00:00:00";"2019-09-22 00:00:00"
8783;"2015-05-27 00:00:00";"2019-10-07 00:00:00"
8807;"2015-05-28 00:00:00";"2013-04-19 00:00:00"
8808;"2015-05-28 00:00:00";"2013-04-21 00:00:00"
8813;"2015-05-28 00:00:00";"2014-12-29 00:00:00"
8818;"2015-05-28 00:00:00";"2015-08-31 00:00:00"
8827;"2015-05-28 00:00:00";"2017-03-31 00:00:00"
8828;"2015-05-28 00:00:00";"2017-11-11 00:00:00"
8855;"2015-05-29 00:00:00";"2013-03-30 00:00:00"
8856;"2015-05-29 00:00:00";"2013-08-12 00:00:00"
8880;"2015-05-29 00:00:00";"2018-05-21 00:00:00"
8888;"2015-05-29 00:00:00";"2019-10-08 00:00:00"
8894;"2015-05-29 00:00:00";"2020-06-04 00:00:00"
8903;"2015-05-29 00:00:00";"2021-07-02 00:00:00"
8905;"2015-05-29 00:00:00";"2021-12-31 00:00:00"
8936;"2015-05-30 00:00:00";"2016-08-31 00:00:00"
8956;"2015-05-30 00:00:00";"2020-10-02 00:00:00"
8957;"2015-05-30 00:00:00";"2020-10-18 00:00:00"
8958;"2015-05-30 00:00:00";"2020-11-22 00:00:00"
8965;"2015-05-30 00:00:00";"2021-01-12 00:00:00"
8966;"2015-05-30 00:00:00";"2021-10-21 00:00:00"
8994;"2015-05-31 00:00:00";"2017-03-25 00:00:00"
9012;"2015-05-31 00:00:00";"2020-07-19 00:00:00"
9016;"2015-05-31 00:00:00";"2021-01-05 00:00:00"
9017;"2015-05-31 00:00:00";"2021-02-01 00:00:00"
9021;"2015-05-31 00:00:00";"2022-04-23 00:00:00"
9034;"2015-06-01 00:00:00";"2012-08-28 00:00:00"
9066;"2015-06-01 00:00:00";"2016-05-20 00:00:00"
9075;"2015-06-01 00:00:00";"2018-03-24 00:00:00"
9082;"2015-06-01 00:00:00";"2019-11-01 00:00:00"
9088;"2015-06-01 00:00:00";"2020-03-31 00:00:00"
9090;"2015-06-01 00:00:00";"2020-06-04 00:00:00"
9091;"2015-06-01 00:00:00";"2020-08-18 00:00:00"
9105;"2015-06-02 00:00:00";"2013-01-30 00:00:00"
9106;"2015-06-02 00:00:00";"2013-05-06 00:00:00"
9107;"2015-06-02 00:00:00";"2013-08-27 00:00:00"
9119;"2015-06-02 00:00:00";"2015-03-27 00:00:00"
9125;"2015-06-02 00:00:00";"2016-06-14 00:00:00"
9126;"2015-06-02 00:00:00";"2016-08-22 00:00:00"
9143;"2015-06-02 00:00:00";"2019-06-19 00:00:00"
9152;"2015-06-02 00:00:00";"2022-11-13 00:00:00"
9167;"2015-06-03 00:00:00";"2013-02-21 00:00:00"
9183;"2015-06-03 00:00:00";"2016-03-29 00:00:00"
9190;"2015-06-03 00:00:00";"2017-11-11 00:00:00"
9197;"2015-06-03 00:00:00";"2019-02-28 00:00:00"
9199;"2015-06-03 00:00:00";"2020-07-30 00:00:00"
9207;"2015-06-04 00:00:00";"2012-09-28 00:00:00"
9216;"2015-06-04 00:00:00";"2013-01-28 00:00:00"
9233;"2015-06-04 00:00:00";"2016-12-31 00:00:00"
9252;"2015-06-04 00:00:00";"2019-07-09 00:00:00"
9256;"2015-06-04 00:00:00";"2020-03-29 00:00:00"
9257;"2015-06-04 00:00:00";"2020-07-27 00:00:00"
9265;"2015-06-05 00:00:00";"2012-01-03 00:00:00"
9266;"2015-06-05 00:00:00";"2012-11-18 00:00:00"
9278;"2015-06-05 00:00:00";"2014-04-21 00:00:00"
9300;"2015-06-05 00:00:00";"2018-05-03 00:00:00"
9301;"2015-06-05 00:00:00";"2018-10-11 00:00:00"
9302;"2015-06-05 00:00:00";"2018-11-29 00:00:00"
9310;"2015-06-05 00:00:00";"2019-09-14 00:00:00"
9318;"2015-06-05 00:00:00";"2020-07-16 00:00:00"
9322;"2015-06-05 00:00:00";"2021-01-25 00:00:00"
9334;"2015-06-06 00:00:00";"2013-07-10 00:00:00"
9335;"2015-06-06 00:00:00";"2013-07-30 00:00:00"
9343;"2015-06-06 00:00:00";"2014-12-23 00:00:00"
9363;"2015-06-06 00:00:00";"2018-12-21 00:00:00"
9378;"2015-06-06 00:00:00";"2020-04-26 00:00:00"
9379;"2015-06-06 00:00:00";"2020-08-10 00:00:00"
9380;"2015-06-06 00:00:00";"2020-09-05 00:00:00"
9383;"2015-06-06 00:00:00";"2021-05-28 00:00:00"
9390;"2015-06-06 00:00:00";"2023-02-18 00:00:00"
9397;"2015-06-07 00:00:00";"2013-11-23 00:00:00"
9425;"2015-06-07 00:00:00";"2018-02-14 00:00:00"
9427;"2015-06-07 00:00:00";"2018-09-27 00:00:00"
9441;"2015-06-07 00:00:00";"2021-07-28 00:00:00"
9451;"2015-06-08 00:00:00";"2012-11-20 00:00:00"
9459;"2015-06-08 00:00:00";"2013-01-19 00:00:00"
9460;"2015-06-08 00:00:00";"2013-04-04 00:00:00"
9466;"2015-06-08 00:00:00";"2014-04-07 00:00:00"
9471;"2015-06-08 00:00:00";"2016-09-26 00:00:00"
9501;"2015-06-08 00:00:00";"2021-06-29 00:00:00"
9507;"2015-06-09 00:00:00";"2012-06-20 00:00:00"
9511;"2015-06-09 00:00:00";"2012-11-21 00:00:00"
9525;"2015-06-09 00:00:00";"2014-03-08 00:00:00"
9534;"2015-06-09 00:00:00";"2015-08-04 00:00:00"
9544;"2015-06-09 00:00:00";"2017-08-20 00:00:00"
9559;"2015-06-09 00:00:00";"2020-06-09 00:00:00"
9560;"2015-06-09 00:00:00";"2020-11-07 00:00:00"
9572;"2015-06-10 00:00:00";"2012-01-19 00:00:00"
9583;"2015-06-10 00:00:00";"2013-06-28 00:00:00"
9584;"2015-06-10 00:00:00";"2013-06-29 00:00:00"
9598;"2015-06-10 00:00:00";"2016-05-13 00:00:00"
9599;"2015-06-10 00:00:00";"2016-08-07 00:00:00"
9608;"2015-06-10 00:00:00";"2018-05-08 00:00:00"
9616;"2015-06-10 00:00:00";"2019-10-03 00:00:00"
9629;"2015-06-11 00:00:00";"2012-11-07 00:00:00"
9645;"2015-06-11 00:00:00";"2014-08-01 00:00:00"
9679;"2015-06-11 00:00:00";"2020-02-12 00:00:00"
9680;"2015-06-11 00:00:00";"2020-02-18 00:00:00"
9683;"2015-06-11 00:00:00";"2020-10-05 00:00:00"
9684;"2015-06-11 00:00:00";"2020-12-31 00:00:00"
9692;"2015-06-12 00:00:00";"2012-06-28 00:00:00"
9702;"2015-06-12 00:00:00";"2013-10-02 00:00:00"
9724;"2015-06-12 00:00:00";"2017-08-22 00:00:00"
9725;"2015-06-12 00:00:00";"2017-12-23 00:00:00"
9731;"2015-06-12 00:00:00";"2018-08-14 00:00:00"
9736;"2015-06-12 00:00:00";"2019-07-21 00:00:00"
9743;"2015-06-12 00:00:00";"2020-12-19 00:00:00"
9755;"2015-06-13 00:00:00";"2013-02-09 00:00:00"
9757;"2015-06-13 00:00:00";"2013-03-20 00:00:00"
9769;"2015-06-13 00:00:00";"2016-07-15 00:00:00"
9770;"2015-06-13 00:00:00";"2016-09-25 00:00:00"
9771;"2015-06-13 00:00:00";"2016-11-12 00:00:00"
9793;"2015-06-13 00:00:00";"2019-06-28 00:00:00"
9798;"2015-06-13 00:00:00";"2020-03-31 00:00:00"
9799;"2015-06-13 00:00:00";"2020-07-28 00:00:00"
9801;"2015-06-13 00:00:00";"2020-10-21 00:00:00"
9812;"2015-06-13 00:00:00";"2022-01-22 00:00:00"
9847;"2015-06-14 00:00:00";"2018-10-13 00:00:00"
9854;"2015-06-14 00:00:00";"2019-03-21 00:00:00"
9878;"2015-06-15 00:00:00";"2013-05-02 00:00:00"
9879;"2015-06-15 00:00:00";"2013-05-09 00:00:00"
9880;"2015-06-15 00:00:00";"2013-07-03 00:00:00"
9886;"2015-06-15 00:00:00";"2014-01-24 00:00:00"
9893;"2015-06-15 00:00:00";"2016-06-29 00:00:00"
9921;"2015-06-15 00:00:00";"2019-07-21 00:00:00"
9939;"2015-06-16 00:00:00";"2012-01-31 00:00:00"
9940;"2015-06-16 00:00:00";"2012-10-24 00:00:00"
9946;"2015-06-16 00:00:00";"2013-02-23 00:00:00"
9954;"2015-06-16 00:00:00";"2014-01-06 00:00:00"
9955;"2015-06-16 00:00:00";"2014-08-19 00:00:00"
9956;"2015-06-16 00:00:00";"2015-07-09 00:00:00"
9963;"2015-06-16 00:00:00";"2017-12-09 00:00:00"
9969;"2015-06-16 00:00:00";"2018-03-19 00:00:00"
9972;"2015-06-16 00:00:00";"2018-12-01 00:00:00"
9977;"2015-06-16 00:00:00";"2019-08-28 00:00:00"
9999;"2015-06-17 00:00:00";"2012-05-21 00:00:00"
10012;"2015-06-17 00:00:00";"2014-10-14 00:00:00"
10026;"2015-06-17 00:00:00";"2017-10-01 00:00:00"
10037;"2015-06-17 00:00:00";"2019-03-27 00:00:00"
10038;"2015-06-17 00:00:00";"2019-09-14 00:00:00"
10042;"2015-06-17 00:00:00";"2021-07-29 00:00:00"
10059;"2015-06-18 00:00:00";"2013-08-07 00:00:00"
10075;"2015-06-18 00:00:00";"2016-03-06 00:00:00"
10077;"2015-06-18 00:00:00";"2016-09-26 00:00:00"
10083;"2015-06-18 00:00:00";"2017-09-05 00:00:00"
10087;"2015-06-18 00:00:00";"2018-08-31 00:00:00"
10093;"2015-06-18 00:00:00";"2019-08-25 00:00:00"
10122;"2015-06-19 00:00:00";"2014-05-06 00:00:00"
10136;"2015-06-19 00:00:00";"2016-11-22 00:00:00"
10151;"2015-06-19 00:00:00";"2019-08-26 00:00:00"
10163;"2015-06-19 00:00:00";"2021-04-29 00:00:00"
10164;"2015-06-19 00:00:00";"2021-05-22 00:00:00"
10165;"2015-06-19 00:00:00";"2021-12-01 00:00:00"
10178;"2015-06-20 00:00:00";"2012-07-12 00:00:00"
10187;"2015-06-20 00:00:00";"2014-11-09 00:00:00"
10198;"2015-06-20 00:00:00";"2017-03-12 00:00:00"
10210;"2015-06-20 00:00:00";"2020-01-25 00:00:00"
10219;"2015-06-20 00:00:00";"2022-09-01 00:00:00"
10229;"2015-06-21 00:00:00";"2013-11-19 00:00:00"
10234;"2015-06-21 00:00:00";"2014-07-06 00:00:00"
10265;"2015-06-21 00:00:00";"2020-09-30 00:00:00"
10284;"2015-06-22 00:00:00";"2013-02-24 00:00:00"
10291;"2015-06-22 00:00:00";"2014-09-17 00:00:00"
10292;"2015-06-22 00:00:00";"2014-12-28 00:00:00"
10299;"2015-06-22 00:00:00";"2016-08-10 00:00:00"
10308;"2015-06-22 00:00:00";"2018-08-15 00:00:00"
10320;"2015-06-22 00:00:00";"2020-05-29 00:00:00"
10350;"2015-06-23 00:00:00";"2014-06-25 00:00:00"
10362;"2015-06-23 00:00:00";"2017-04-28 00:00:00"
10366;"2015-06-23 00:00:00";"2018-03-31 00:00:00"
10374;"2015-06-23 00:00:00";"2019-07-01 00:00:00"
10391;"2015-06-24 00:00:00";"2012-11-02 00:00:00"
10449;"2015-06-24 00:00:00";"2022-03-03 00:00:00"
10456;"2015-06-25 00:00:00";"2012-10-03 00:00:00"
10473;"2015-06-25 00:00:00";"2015-06-07 00:00:00"
10483;"2015-06-25 00:00:00";"2017-05-12 00:00:00"
10496;"2015-06-25 00:00:00";"2019-07-19 00:00:00"
10521;"2015-06-26 00:00:00";"2013-09-06 00:00:00"
10528;"2015-06-26 00:00:00";"2014-04-20 00:00:00"
10534;"2015-06-26 00:00:00";"2015-12-19 00:00:00"
10537;"2015-06-26 00:00:00";"2016-08-18 00:00:00"
10545;"2015-06-26 00:00:00";"2017-10-20 00:00:00"
10548;"2015-06-26 00:00:00";"2018-10-03 00:00:00"
10587;"2015-06-27 00:00:00";"2014-07-17 00:00:00"
10591;"2015-06-27 00:00:00";"2015-05-04 00:00:00"
10609;"2015-06-27 00:00:00";"2018-11-10 00:00:00"
10640;"2015-06-27 00:00:00";"2021-04-09 00:00:00"
10658;"2015-06-28 00:00:00";"2015-02-09 00:00:00"
10667;"2015-06-28 00:00:00";"2017-01-13 00:00:00"
10678;"2015-06-28 00:00:00";"2019-02-28 00:00:00"
10689;"2015-06-28 00:00:00";"2022-12-02 00:00:00"
10697;"2015-06-29 00:00:00";"2012-01-25 00:00:00"
10698;"2015-06-29 00:00:00";"2012-04-11 00:00:00"
10714;"2015-06-29 00:00:00";"2016-09-30 00:00:00"
10725;"2015-06-29 00:00:00";"2018-06-14 00:00:00"
10748;"2015-06-30 00:00:00";"2012-11-14 00:00:00"
10783;"2015-06-30 00:00:00";"2018-10-16 00:00:00"
10807;"2015-07-01 00:00:00";"2013-01-25 00:00:00"
10820;"2015-07-01 00:00:00";"2015-12-10 00:00:00"
10825;"2015-07-01 00:00:00";"2016-09-28 00:00:00"
10831;"2015-07-01 00:00:00";"2017-10-15 00:00:00"
10855;"2015-07-01 00:00:00";"2020-03-03 00:00:00"
10883;"2015-07-02 00:00:00";"2013-06-26 00:00:00"
10885;"2015-07-02 00:00:00";"2013-11-03 00:00:00"
10893;"2015-07-02 00:00:00";"2015-11-11 00:00:00"
10905;"2015-07-02 00:00:00";"2017-03-29 00:00:00"
10941;"2015-07-03 00:00:00";"2013-08-24 00:00:00"
10956;"2015-07-03 00:00:00";"2015-10-22 00:00:00"
10965;"2015-07-03 00:00:00";"2017-12-16 00:00:00"
10975;"2015-07-03 00:00:00";"2018-07-03 00:00:00"
10989;"2015-07-03 00:00:00";"2020-03-12 00:00:00"
10991;"2015-07-03 00:00:00";"2020-12-25 00:00:00"
11023;"2015-07-04 00:00:00";"2013-01-04 00:00:00"
11039;"2015-07-04 00:00:00";"2015-01-15 00:00:00"
11040;"2015-07-04 00:00:00";"2015-04-08 00:00:00"
11041;"2015-07-04 00:00:00";"2015-08-11 00:00:00"
11042;"2015-07-04 00:00:00";"2015-09-22 00:00:00"
11045;"2015-07-04 00:00:00";"2016-11-25 00:00:00"
11055;"2015-07-04 00:00:00";"2017-07-15 00:00:00"
11063;"2015-07-04 00:00:00";"2018-02-18 00:00:00"
11077;"2015-07-04 00:00:00";"2019-01-23 00:00:00"
11078;"2015-07-04 00:00:00";"2019-05-28 00:00:00"
11079;"2015-07-04 00:00:00";"2019-07-29 00:00:00"
11080;"2015-07-04 00:00:00";"2019-08-30 00:00:00"
11102;"2015-07-04 00:00:00";"2021-03-30 00:00:00"
11103;"2015-07-04 00:00:00";"2021-10-26 00:00:00"
11115;"2015-07-04 00:00:00";"2022-02-12 00:00:00"
11116;"2015-07-04 00:00:00";"2022-06-04 00:00:00"
11124;"2015-07-05 00:00:00";"2012-08-29 00:00:00"
11129;"2015-07-05 00:00:00";"2013-01-23 00:00:00"
11143;"2015-07-05 00:00:00";"2017-05-09 00:00:00"
11148;"2015-07-05 00:00:00";"2018-03-29 00:00:00"
11158;"2015-07-05 00:00:00";"2020-07-01 00:00:00"
11159;"2015-07-05 00:00:00";"2020-07-13 00:00:00"
11166;"2015-07-06 00:00:00";"2012-12-03 00:00:00"
11167;"2015-07-06 00:00:00";"2012-12-21 00:00:00"
11177;"2015-07-06 00:00:00";"2013-04-22 00:00:00"
11178;"2015-07-06 00:00:00";"2013-09-22 00:00:00"
11179;"2015-07-06 00:00:00";"2013-11-10 00:00:00"
11186;"2015-07-06 00:00:00";"2014-07-02 00:00:00"
11205;"2015-07-06 00:00:00";"2018-07-13 00:00:00"
11217;"2015-07-06 00:00:00";"2020-11-23 00:00:00"
11226;"2015-07-07 00:00:00";"2012-02-28 00:00:00"
11267;"2015-07-07 00:00:00";"2020-03-12 00:00:00"
11284;"2015-07-08 00:00:00";"2012-03-13 00:00:00"
11285;"2015-07-08 00:00:00";"2012-07-10 00:00:00"
11286;"2015-07-08 00:00:00";"2012-09-10 00:00:00"
11295;"2015-07-08 00:00:00";"2013-12-23 00:00:00"
11299;"2015-07-08 00:00:00";"2014-08-21 00:00:00"
11300;"2015-07-08 00:00:00";"2014-12-04 00:00:00"
11307;"2015-07-08 00:00:00";"2015-06-30 00:00:00"
11311;"2015-07-08 00:00:00";"2016-02-26 00:00:00"
11314;"2015-07-08 00:00:00";"2017-12-31 00:00:00"
11320;"2015-07-08 00:00:00";"2018-04-21 00:00:00"
11333;"2015-07-08 00:00:00";"2020-12-29 00:00:00"
11339;"2015-07-08 00:00:00";"2022-07-13 00:00:00"
11348;"2015-07-09 00:00:00";"2012-01-11 00:00:00"
11358;"2015-07-09 00:00:00";"2013-08-20 00:00:00"
11359;"2015-07-09 00:00:00";"2013-09-09 00:00:00"
11376;"2015-07-09 00:00:00";"2017-06-20 00:00:00"
11393;"2015-07-09 00:00:00";"2020-12-18 00:00:00"
11403;"2015-07-10 00:00:00";"2012-03-17 00:00:00"
11419;"2015-07-10 00:00:00";"2014-07-30 00:00:00"
11437;"2015-07-10 00:00:00";"2017-03-28 00:00:00"
11441;"2015-07-10 00:00:00";"2018-12-15 00:00:00"
11449;"2015-07-10 00:00:00";"2019-03-06 00:00:00"
11463;"2015-07-10 00:00:00";"2022-03-06 00:00:00"
11486;"2015-07-11 00:00:00";"2016-03-30 00:00:00"
11489;"2015-07-11 00:00:00";"2016-10-07 00:00:00"
11500;"2015-07-11 00:00:00";"2018-12-12 00:00:00"
11510;"2015-07-11 00:00:00";"2020-05-02 00:00:00"
11511;"2015-07-11 00:00:00";"2020-10-06 00:00:00"
11528;"2015-07-12 00:00:00";"2013-02-12 00:00:00"
11548;"2015-07-12 00:00:00";"2017-03-03 00:00:00"
11549;"2015-07-12 00:00:00";"2017-04-28 00:00:00"
11556;"2015-07-12 00:00:00";"2018-04-11 00:00:00"
11557;"2015-07-12 00:00:00";"2018-09-03 00:00:00"
11568;"2015-07-12 00:00:00";"2020-08-13 00:00:00"
11576;"2015-07-12 00:00:00";"2022-09-07 00:00:00"
11577;"2015-07-12 00:00:00";"2022-09-09 00:00:00"
11578;"2015-07-12 00:00:00";"2022-10-14 00:00:00"
11592;"2015-07-13 00:00:00";"2012-01-07 00:00:00"
11606;"2015-07-13 00:00:00";"2015-01-18 00:00:00"
11615;"2015-07-13 00:00:00";"2017-12-05 00:00:00"
11626;"2015-07-13 00:00:00";"2019-01-05 00:00:00"
11627;"2015-07-13 00:00:00";"2019-12-17 00:00:00"
11639;"2015-07-14 00:00:00";"2012-04-06 00:00:00"
11641;"2015-07-14 00:00:00";"2012-11-07 00:00:00"
11650;"2015-07-14 00:00:00";"2013-05-21 00:00:00"
11657;"2015-07-14 00:00:00";"2014-03-28 00:00:00"
11669;"2015-07-14 00:00:00";"2017-08-30 00:00:00"
11675;"2015-07-14 00:00:00";"2019-05-03 00:00:00"
11698;"2015-07-15 00:00:00";"2012-03-28 00:00:00"
11699;"2015-07-15 00:00:00";"2012-05-13 00:00:00"
11700;"2015-07-15 00:00:00";"2012-06-27 00:00:00"
11709;"2015-07-15 00:00:00";"2013-04-29 00:00:00"
11725;"2015-07-15 00:00:00";"2016-03-05 00:00:00"
11726;"2015-07-15 00:00:00";"2016-07-09 00:00:00"
11727;"2015-07-15 00:00:00";"2016-10-24 00:00:00"
11746;"2015-07-15 00:00:00";"2020-09-24 00:00:00"
11747;"2015-07-15 00:00:00";"2020-11-26 00:00:00"
11753;"2015-07-15 00:00:00";"2022-10-11 00:00:00"
11761;"2015-07-16 00:00:00";"2012-06-18 00:00:00"
11768;"2015-07-16 00:00:00";"2013-06-03 00:00:00"
11771;"2015-07-16 00:00:00";"2014-01-07 00:00:00"
11780;"2015-07-16 00:00:00";"2016-02-24 00:00:00"
11810;"2015-07-16 00:00:00";"2022-06-25 00:00:00"
11823;"2015-07-17 00:00:00";"2013-09-29 00:00:00"
11830;"2015-07-17 00:00:00";"2014-08-04 00:00:00"
11843;"2015-07-17 00:00:00";"2016-06-03 00:00:00"
11850;"2015-07-17 00:00:00";"2017-04-25 00:00:00"
11851;"2015-07-17 00:00:00";"2017-08-21 00:00:00"
11867;"2015-07-17 00:00:00";"2020-10-17 00:00:00"
11875;"2015-07-17 00:00:00";"2021-01-20 00:00:00"
11890;"2015-07-17 00:00:00";"2022-03-20 00:00:00"
11895;"2015-07-18 00:00:00";"2012-06-19 00:00:00"
11910;"2015-07-18 00:00:00";"2015-09-05 00:00:00"
11924;"2015-07-18 00:00:00";"2018-04-25 00:00:00"
11933;"2015-07-18 00:00:00";"2019-03-13 00:00:00"
11947;"2015-07-18 00:00:00";"2022-04-30 00:00:00"
11950;"2015-07-19 00:00:00";"2013-06-14 00:00:00"
11962;"2015-07-19 00:00:00";"2015-02-02 00:00:00"
11963;"2015-07-19 00:00:00";"2015-03-20 00:00:00"
11968;"2015-07-19 00:00:00";"2016-05-21 00:00:00"
11969;"2015-07-19 00:00:00";"2016-07-06 00:00:00"
11976;"2015-07-19 00:00:00";"2017-10-10 00:00:00"
11981;"2015-07-19 00:00:00";"2018-12-02 00:00:00"
11992;"2015-07-19 00:00:00";"2019-04-25 00:00:00"
12000;"2015-07-19 00:00:00";"2022-10-03 00:00:00"
12006;"2015-07-20 00:00:00";"2012-01-18 00:00:00"
12012;"2015-07-20 00:00:00";"2013-07-12 00:00:00"
12020;"2015-07-20 00:00:00";"2014-09-21 00:00:00"
12021;"2015-07-20 00:00:00";"2014-11-23 00:00:00"
12056;"2015-07-20 00:00:00";"2020-10-28 00:00:00"
12059;"2015-07-20 00:00:00";"2021-06-14 00:00:00"
12065;"2015-07-21 00:00:00";"2012-08-15 00:00:00"
12066;"2015-07-21 00:00:00";"2012-12-10 00:00:00"
12089;"2015-07-21 00:00:00";"2016-01-21 00:00:00"
12090;"2015-07-21 00:00:00";"2016-04-10 00:00:00"
12098;"2015-07-21 00:00:00";"2018-11-15 00:00:00"
12105;"2015-07-21 00:00:00";"2019-12-16 00:00:00"
12108;"2015-07-21 00:00:00";"2020-03-18 00:00:00"
12121;"2015-07-22 00:00:00";"2012-11-14 00:00:00"
12128;"2015-07-22 00:00:00";"2013-01-06 00:00:00"
12129;"2015-07-22 00:00:00";"2013-01-27 00:00:00"
12130;"2015-07-22 00:00:00";"2013-01-31 00:00:00"
12131;"2015-07-22 00:00:00";"2013-03-01 00:00:00"
12133;"2015-07-22 00:00:00";"2013-11-08 00:00:00"
12142;"2015-07-22 00:00:00";"2014-06-05 00:00:00"
12148;"2015-07-22 00:00:00";"2016-05-14 00:00:00"
12173;"2015-07-22 00:00:00";"2021-04-18 00:00:00"
12174;"2015-07-22 00:00:00";"2021-11-22 00:00:00"
12177;"2015-07-22 00:00:00";"2022-12-14 00:00:00"
12187;"2015-07-23 00:00:00";"2012-02-29 00:00:00"
12193;"2015-07-23 00:00:00";"2013-10-07 00:00:00"
12204;"2015-07-23 00:00:00";"2014-02-10 00:00:00"
12230;"2015-07-23 00:00:00";"2019-06-04 00:00:00"
12238;"2015-07-23 00:00:00";"2020-08-19 00:00:00"
12252;"2015-07-24 00:00:00";"2012-02-23 00:00:00"
12265;"2015-07-24 00:00:00";"2014-09-26 00:00:00"
12275;"2015-07-24 00:00:00";"2017-11-19 00:00:00"
12285;"2015-07-24 00:00:00";"2018-07-21 00:00:00"
12287;"2015-07-24 00:00:00";"2018-10-15 00:00:00"
12311;"2015-07-24 00:00:00";"2021-02-04 00:00:00"
12312;"2015-07-24 00:00:00";"2021-03-15 00:00:00"
12324;"2015-07-25 00:00:00";"2012-06-27 00:00:00"
12325;"2015-07-25 00:00:00";"2012-12-17 00:00:00"
12333;"2015-07-25 00:00:00";"2015-02-16 00:00:00"
12347;"2015-07-25 00:00:00";"2018-01-03 00:00:00"
12348;"2015-07-25 00:00:00";"2018-01-22 00:00:00"
12354;"2015-07-25 00:00:00";"2019-01-18 00:00:00"
12355;"2015-07-25 00:00:00";"2019-01-31 00:00:00"
12357;"2015-07-25 00:00:00";"2019-11-19 00:00:00"
12363;"2015-07-25 00:00:00";"2020-07-14 00:00:00"
12370;"2015-07-25 00:00:00";"2021-07-12 00:00:00"
12374;"2015-07-25 00:00:00";"2022-10-26 00:00:00"
12382;"2015-07-26 00:00:00";"2013-04-25 00:00:00"
12395;"2015-07-26 00:00:00";"2015-04-02 00:00:00"
12414;"2015-07-26 00:00:00";"2018-03-09 00:00:00"
12419;"2015-07-26 00:00:00";"2019-09-24 00:00:00"
12423;"2015-07-26 00:00:00";"2020-10-31 00:00:00"
12438;"2015-07-27 00:00:00";"2012-08-28 00:00:00"
12439;"2015-07-27 00:00:00";"2012-10-01 00:00:00"
12443;"2015-07-27 00:00:00";"2013-02-20 00:00:00"
12444;"2015-07-27 00:00:00";"2013-04-05 00:00:00"
12445;"2015-07-27 00:00:00";"2013-04-28 00:00:00"
12459;"2015-07-27 00:00:00";"2016-03-10 00:00:00"
12461;"2015-07-27 00:00:00";"2016-12-12 00:00:00"
12465;"2015-07-27 00:00:00";"2017-12-24 00:00:00"
12470;"2015-07-27 00:00:00";"2018-01-01 00:00:00"
12471;"2015-07-27 00:00:00";"2018-10-12 00:00:00"
12476;"2015-07-27 00:00:00";"2019-09-01 00:00:00"
12479;"2015-07-27 00:00:00";"2020-02-26 00:00:00"
12483;"2015-07-27 00:00:00";"2021-12-26 00:00:00"
12492;"2015-07-28 00:00:00";"2012-01-31 00:00:00"
12493;"2015-07-28 00:00:00";"2012-09-28 00:00:00"
12518;"2015-07-28 00:00:00";"2017-09-26 00:00:00"
12539;"2015-07-28 00:00:00";"2019-05-11 00:00:00"
12541;"2015-07-28 00:00:00";"2019-09-15 00:00:00"
12551;"2015-07-29 00:00:00";"2013-02-02 00:00:00"
12552;"2015-07-29 00:00:00";"2013-05-18 00:00:00"
12553;"2015-07-29 00:00:00";"2013-05-31 00:00:00"
12565;"2015-07-29 00:00:00";"2015-04-22 00:00:00"
12574;"2015-07-29 00:00:00";"2017-10-14 00:00:00"
12580;"2015-07-29 00:00:00";"2018-04-05 00:00:00"
12588;"2015-07-29 00:00:00";"2019-09-09 00:00:00"
12613;"2015-07-30 00:00:00";"2013-10-05 00:00:00"
12629;"2015-07-30 00:00:00";"2016-03-25 00:00:00"
12636;"2015-07-30 00:00:00";"2017-01-17 00:00:00"
12637;"2015-07-30 00:00:00";"2017-11-27 00:00:00"
12644;"2015-07-30 00:00:00";"2018-09-28 00:00:00"
12651;"2015-07-30 00:00:00";"2019-12-02 00:00:00"
12692;"2015-07-31 00:00:00";"2016-12-17 00:00:00"
12702;"2015-07-31 00:00:00";"2018-03-06 00:00:00"
12709;"2015-07-31 00:00:00";"2019-01-22 00:00:00"
12718;"2015-07-31 00:00:00";"2020-02-10 00:00:00"
12719;"2015-07-31 00:00:00";"2020-07-28 00:00:00"
12727;"2015-07-31 00:00:00";"2022-05-12 00:00:00"
12733;"2015-08-01 00:00:00";"2012-03-15 00:00:00"
12737;"2015-08-01 00:00:00";"2013-05-27 00:00:00"
12757;"2015-08-01 00:00:00";"2016-09-09 00:00:00"
12762;"2015-08-01 00:00:00";"2017-03-18 00:00:00"
12768;"2015-08-01 00:00:00";"2018-03-27 00:00:00"
12797;"2015-08-01 00:00:00";"2021-05-18 00:00:00"
12839;"2015-08-02 00:00:00";"2020-06-07 00:00:00"
12845;"2015-08-02 00:00:00";"2021-04-16 00:00:00"
12852;"2015-08-02 00:00:00";"2022-12-31 00:00:00"
12867;"2015-08-03 00:00:00";"2013-06-10 00:00:00"
12876;"2015-08-03 00:00:00";"2014-04-26 00:00:00"
12888;"2015-08-03 00:00:00";"2017-11-04 00:00:00"
12891;"2015-08-03 00:00:00";"2018-10-31 00:00:00"
12895;"2015-08-03 00:00:00";"2019-03-15 00:00:00"
12896;"2015-08-03 00:00:00";"2019-04-25 00:00:00"
12902;"2015-08-03 00:00:00";"2020-05-21 00:00:00"
12907;"2015-08-03 00:00:00";"2021-11-13 00:00:00"
12933;"2015-08-04 00:00:00";"2015-04-07 00:00:00"
12949;"2015-08-04 00:00:00";"2018-10-25 00:00:00"
12961;"2015-08-04 00:00:00";"2020-09-17 00:00:00"
12963;"2015-08-04 00:00:00";"2021-03-20 00:00:00"
13002;"2015-08-05 00:00:00";"2017-03-25 00:00:00"
13011;"2015-08-05 00:00:00";"2018-07-15 00:00:00"
13023;"2015-08-05 00:00:00";"2020-11-12 00:00:00"
13034;"2015-08-06 00:00:00";"2012-01-11 00:00:00"
13037;"2015-08-06 00:00:00";"2012-10-30 00:00:00"
13044;"2015-08-06 00:00:00";"2013-10-31 00:00:00"
13045;"2015-08-06 00:00:00";"2013-11-15 00:00:00"
13052;"2015-08-06 00:00:00";"2014-03-15 00:00:00"
13054;"2015-08-06 00:00:00";"2014-07-20 00:00:00"
13055;"2015-08-06 00:00:00";"2014-12-17 00:00:00"
13083;"2015-08-06 00:00:00";"2019-07-01 00:00:00"
13095;"2015-08-07 00:00:00";"2012-12-13 00:00:00"
13103;"2015-08-07 00:00:00";"2013-04-13 00:00:00"
13108;"2015-08-07 00:00:00";"2014-09-10 00:00:00"
13140;"2015-08-07 00:00:00";"2020-05-09 00:00:00"
13143;"2015-08-07 00:00:00";"2021-01-27 00:00:00"
13150;"2015-08-07 00:00:00";"2022-11-05 00:00:00"
13162;"2015-08-08 00:00:00";"2014-11-17 00:00:00"
13169;"2015-08-08 00:00:00";"2016-03-22 00:00:00"
13180;"2015-08-08 00:00:00";"2017-09-17 00:00:00"
13187;"2015-08-08 00:00:00";"2018-01-08 00:00:00"
13188;"2015-08-08 00:00:00";"2018-07-29 00:00:00"
13210;"2015-08-08 00:00:00";"2021-07-30 00:00:00"
13211;"2015-08-08 00:00:00";"2021-11-16 00:00:00"
13218;"2015-08-08 00:00:00";"2022-02-03 00:00:00"
13219;"2015-08-08 00:00:00";"2022-02-27 00:00:00"
13234;"2015-08-09 00:00:00";"2014-09-08 00:00:00"
13235;"2015-08-09 00:00:00";"2014-12-12 00:00:00"
13240;"2015-08-09 00:00:00";"2015-05-17 00:00:00"
13258;"2015-08-09 00:00:00";"2018-01-17 00:00:00"
13262;"2015-08-09 00:00:00";"2019-07-28 00:00:00"
13263;"2015-08-09 00:00:00";"2019-08-09 00:00:00"
13264;"2015-08-09 00:00:00";"2019-11-01 00:00:00"
13267;"2015-08-09 00:00:00";"2020-10-12 00:00:00"
13286;"2015-08-10 00:00:00";"2012-05-04 00:00:00"
13287;"2015-08-10 00:00:00";"2012-08-30 00:00:00"
13305;"2015-08-10 00:00:00";"2016-11-26 00:00:00"
13316;"2015-08-10 00:00:00";"2018-03-16 00:00:00"
13343;"2015-08-11 00:00:00";"2012-05-15 00:00:00"
13369;"2015-08-11 00:00:00";"2016-07-05 00:00:00"
13373;"2015-08-11 00:00:00";"2017-05-29 00:00:00"
13387;"2015-08-11 00:00:00";"2020-02-14 00:00:00"
13389;"2015-08-11 00:00:00";"2020-08-28 00:00:00"
13390;"2015-08-11 00:00:00";"2020-10-02 00:00:00"
13394;"2015-08-11 00:00:00";"2021-07-14 00:00:00"
13411;"2015-08-12 00:00:00";"2013-01-02 00:00:00"
13413;"2015-08-12 00:00:00";"2013-12-10 00:00:00"
13422;"2015-08-12 00:00:00";"2015-03-11 00:00:00"
13423;"2015-08-12 00:00:00";"2015-05-21 00:00:00"
13471;"2015-08-13 00:00:00";"2013-11-08 00:00:00"
13480;"2015-08-13 00:00:00";"2014-04-02 00:00:00"
13496;"2015-08-13 00:00:00";"2018-04-12 00:00:00"
13506;"2015-08-13 00:00:00";"2020-11-03 00:00:00"
13516;"2015-08-14 00:00:00";"2012-06-16 00:00:00"
13525;"2015-08-14 00:00:00";"2013-02-27 00:00:00"
13526;"2015-08-14 00:00:00";"2013-03-22 00:00:00"
13529;"2015-08-14 00:00:00";"2013-05-05 00:00:00"
13530;"2015-08-14 00:00:00";"2013-05-06 00:00:00"
13541;"2015-08-14 00:00:00";"2014-09-22 00:00:00"
13548;"2015-08-14 00:00:00";"2015-06-16 00:00:00"
13570;"2015-08-14 00:00:00";"2019-02-08 00:00:00"
13579;"2015-08-14 00:00:00";"2020-12-16 00:00:00"
13586;"2015-08-14 00:00:00";"2021-04-07 00:00:00"
13591;"2015-08-14 00:00:00";"2023-02-05 00:00:00"
13607;"2015-08-15 00:00:00";"2015-05-19 00:00:00"
13611;"2015-08-15 00:00:00";"2016-01-10 00:00:00"
13612;"2015-08-15 00:00:00";"2016-02-25 00:00:00"
